term,normalized_term,category,confidence,reason,table_count,total_occurrences,header_table_count,title_table_count,cell_table_count,unit_context_table_count,measure_context_table_count,generic_context_table_count,unit_only_table_count,measure_only_table_count,generic_only_table_count,mixed_context_table_count,unit_lexical_match,measure_lexical_match,sources,columns
Time frequency,time frequency,dimension_name,high,Predominantly appears as a descriptive table header.,1999,1999,1999,0,0,0,0,0,0,0,0,0,False,False,header,Time frequency
Geopolitical entity (reporting),geopolitical entity (reporting),dimension_name,medium,Appears as a table header and also in mixed cell contexts.,1789,2105,1789,0,1,1,0,1,0,0,0,1,False,False,cell|header,Categorisation of active substances for harmonised risk indicator|Geopolitical entity (reporting)|Unit of measure
Unit of measure,unit of measure,dimension_name,medium,Appears as a table header and also in mixed cell contexts.,1713,2253,1713,0,1,1,0,1,0,0,0,1,False,False,cell|header,Categorisation of active substances for harmonised risk indicator|Geopolitical entity (reporting)|Unit of measure
Sex,sex,dimension_name,medium,Appears as a table header and also in mixed cell contexts.,422,543,421,0,1,1,0,1,0,0,0,1,False,False,cell|header,Categorisation of active substances for harmonised risk indicator|Geopolitical entity (reporting)|Sex|Unit of measure|sex
Age class,age class,dimension_name,medium,Appears as a table header and also in mixed cell contexts.,385,496,384,0,1,1,0,1,0,0,0,1,False,False,cell|header,Age class|Categorisation of active substances for harmonised risk indicator|Geopolitical entity (reporting)|Unit of measure
Statistical classification of economic activities in the European Community (NACE Rev. 2),statistical classification of economic activities in the european community (nace rev. 2),dimension_name,medium,Appears as a table header and also in mixed cell contexts.,136,165,135,0,1,1,0,1,0,0,0,1,False,False,cell|header,Categorisation of active substances for harmonised risk indicator|Geopolitical entity (reporting)|Statistical classification of economic activities in the European Community (NACE Rev. 2)|Unit of measure
National accounts indicator (ESA 2010),national accounts indicator (esa 2010),dimension_name,high,Predominantly appears as a descriptive table header.,120,121,119,0,1,1,0,0,1,0,0,0,False,False,cell|header,National accounts indicator (ESA 2010)|Unit of measure
geo\TIME_PERIOD,geo\time_period,dimension_name,high,Predominantly appears as a descriptive table header.,84,92,83,0,1,0,0,1,0,0,1,0,False,False,cell|header,Geopolitical entity (reporting)|geo\TIME_PERIOD
Train category,train category,dimension_name,medium,Appears as a table header and also in mixed cell contexts.,80,156,79,0,1,1,0,1,0,0,0,1,False,False,cell|header,Geopolitical entity (reporting)|Train category|Unit of measure
Geopolitical entity (partner),geopolitical entity (partner),dimension_name,medium,Appears as a table header and also in mixed cell contexts.,75,78,74,0,1,1,0,1,0,0,0,1,False,False,cell|header,Categorisation of active substances for harmonised risk indicator|Geopolitical entity (partner)|Geopolitical entity (reporting)|Unit of measure
International Standard Classification of Education (ISCED 2011),international standard classification of education (isced 2011),dimension_name,medium,Appears as a table header and also in mixed cell contexts.,74,119,73,0,1,1,0,1,0,0,0,1,False,False,cell|header,Categorisation of active substances for harmonised risk indicator|Geopolitical entity (reporting)|International Standard Classification of Education (ISCED 2011)|Unit of measure
Seasonal adjustment,seasonal adjustment,dimension_name,high,Predominantly appears as a descriptive table header.,65,65,65,0,0,0,0,0,0,0,0,0,False,False,header,Seasonal adjustment
Stock or flow,stock or flow,dimension_name,medium,Appears as a table header and also in mixed cell contexts.,61,64,60,0,1,1,0,1,0,0,0,1,False,False,cell|header,Categorisation of active substances for harmonised risk indicator|Geopolitical entity (reporting)|Stock or flow|Unit of measure
Sector,sector,dimension_name,high,Predominantly appears as a descriptive table header.,54,57,53,0,1,0,0,1,0,0,1,0,False,False,cell|header,Categorisation of active substances for harmonised risk indicator|Sector
Currency,currency,dimension_name,medium,Appears as a table header and also in mixed cell contexts.,49,56,46,0,3,1,0,3,0,0,2,1,True,False,cell|header,Categorisation of active substances for harmonised risk indicator|Currency|Geopolitical entity (reporting)|National accounts indicator (ESA 2010)|Unit of measure|currency
Statistical information,statistical information,dimension_name,medium,Appears as a table header and also in mixed cell contexts.,47,71,46,0,1,1,0,1,0,0,0,1,False,False,cell|header,Categorisation of active substances for harmonised risk indicator|Statistical information|Unit of measure
Activity and employment status,activity and employment status,dimension_name,medium,Appears as a table header and also in mixed cell contexts.,47,56,46,0,1,1,0,1,0,0,0,1,False,True,cell|header,Activity and employment status|Categorisation of active substances for harmonised risk indicator|Geopolitical entity (reporting)|Unit of measure
Country of citizenship,country of citizenship,dimension_name,medium,Appears as a table header and also in mixed cell contexts.,46,55,45,0,1,1,0,1,0,0,0,1,False,False,cell|header,Categorisation of active substances for harmonised risk indicator|Country of citizenship|Unit of measure
Income and living conditions indicator,income and living conditions indicator,dimension_name,high,Predominantly appears as a descriptive table header.,41,44,40,0,1,0,0,1,0,0,1,0,False,True,cell|header,Categorisation of active substances for harmonised risk indicator|Income and living conditions indicator
Business trend indicator,business trend indicator,dimension_name,high,Predominantly appears as a descriptive table header.,39,39,39,0,0,0,0,0,0,0,0,0,False,False,header,Business trend indicator
Degree of urbanisation,degree of urbanisation,dimension_name,medium,Appears as a table header and also in mixed cell contexts.,37,57,36,0,1,1,0,1,0,0,0,1,False,False,cell|header,Categorisation of active substances for harmonised risk indicator|Degree of urbanisation|Geopolitical entity (reporting)|Unit of measure
Economical indicator for structural business statistics,economical indicator for structural business statistics,dimension_name,medium,Appears as a table header and also in mixed cell contexts.,36,64,35,0,1,1,0,1,0,0,0,1,False,False,cell|header,Categorisation of active substances for harmonised risk indicator|Economical indicator for structural business statistics|Geopolitical entity (reporting)|Unit of measure
unit,unit,dimension_name,medium,Appears as a table header and also in mixed cell contexts.,36,44,35,0,1,1,0,1,0,0,0,1,False,False,cell|header,Geopolitical entity (reporting)|Unit of measure|unit
Indicator used in Euro_Med,indicator used in euro_med,dimension_name,high,Predominantly appears as a descriptive table header.,36,40,35,0,1,0,0,1,0,0,1,0,True,False,cell|header,Categorisation of active substances for harmonised risk indicator|Indicator used in Euro_Med
Income situation in relation to the risk of poverty threshold,income situation in relation to the risk of poverty threshold,dimension_name,high,Predominantly appears as a descriptive table header.,33,33,32,0,1,1,0,0,1,0,0,0,False,True,cell|header,Income situation in relation to the risk of poverty threshold|Unit of measure
Balance of payments item,balance of payments item,dimension_name,high,Predominantly appears as a descriptive table header.,31,31,31,0,0,0,0,0,0,0,0,0,False,False,header,Balance of payments item
Demographic indicator,demographic indicator,dimension_name,high,Predominantly appears as a descriptive table header.,29,50,28,0,1,0,0,1,0,0,1,0,False,False,cell|header,Categorisation of active substances for harmonised risk indicator|Demographic indicator
Classification of individual consumption by purpose (COICOP),classification of individual consumption by purpose (coicop),dimension_name,high,Predominantly appears as a descriptive table header.,29,29,29,0,0,0,0,0,0,0,0,0,False,True,header,Classification of individual consumption by purpose (COICOP)
"Standard International Trade Classification (SITC Rev. 4, 2006)","standard international trade classification (sitc rev. 4, 2006)",dimension_name,high,Predominantly appears as a descriptive table header.,29,29,29,0,0,0,0,0,0,0,0,0,False,False,header,"Standard International Trade Classification (SITC Rev. 4, 2006)"
Statistical classification of economic activities in the European Community (NACE Rev. 1.1),statistical classification of economic activities in the european community (nace rev. 1.1),dimension_name,medium,Appears as a table header and also in mixed cell contexts.,28,47,27,0,1,1,0,1,0,0,0,1,False,False,cell|header,Categorisation of active substances for harmonised risk indicator|Geopolitical entity (reporting)|Statistical classification of economic activities in the European Community (NACE Rev. 1.1)|Unit of measure
Type of household,type of household,dimension_name,medium,Appears as a table header and also in mixed cell contexts.,28,34,27,0,1,1,0,1,0,0,0,1,False,False,cell|header,Categorisation of active substances for harmonised risk indicator|Geopolitical entity (reporting)|Type of household|Unit of measure
Financial position,financial position,dimension_name,high,Predominantly appears as a descriptive table header.,27,27,26,0,1,0,0,1,0,0,1,0,False,False,cell|header,Financial position|Geopolitical entity (reporting)
Information society indicator,information society indicator,dimension_name,medium,Appears as a table header and also in mixed cell contexts.,26,34,25,0,1,1,0,1,0,0,0,1,False,False,cell|header,Categorisation of active substances for harmonised risk indicator|Geopolitical entity (reporting)|Information society indicator|Unit of measure
International Statistical Classification of Diseases and Related Health Problems (ICD-10 2010),international statistical classification of diseases and related health problems (icd-10 2010),dimension_name,high,Predominantly appears as a descriptive table header.,26,27,25,0,1,0,0,1,0,0,1,0,False,False,cell|header,Categorisation of active substances for harmonised risk indicator|International Statistical Classification of Diseases and Related Health Problems (ICD-10 2010)
Consolidated/Non consolidated,consolidated/non consolidated,dimension_name,high,Predominantly appears as a descriptive table header.,25,25,25,0,0,0,0,0,0,0,0,0,False,False,header,Consolidated/Non consolidated
Vehicles,vehicles,dimension_name,high,Predominantly appears as a descriptive table header.,24,24,24,0,0,0,0,0,0,0,0,0,False,False,header,Vehicles
Frequency,frequency,dimension_name,medium,Appears as a table header and also in mixed cell contexts.,23,38,22,0,1,1,0,1,0,0,0,1,False,False,cell|header,Categorisation of active substances for harmonised risk indicator|Frequency|Geopolitical entity (reporting)|Unit of measure
Rail network segment (2010),rail network segment (2010),dimension_name,medium,Appears as a table header and also in mixed cell contexts.,22,42,21,0,1,1,0,1,0,0,0,1,False,False,cell|header,Categorisation of active substances for harmonised risk indicator|Rail network segment (2010)|Unit of measure
Reason,reason,dimension_name,medium,Appears as a table header and also in mixed cell contexts.,22,31,21,0,1,1,0,1,0,0,0,1,False,False,cell|header,Categorisation of active substances for harmonised risk indicator|Geopolitical entity (reporting)|Reason|Unit of measure
Maritime entity (reporting),maritime entity (reporting),dimension_name,high,Predominantly appears as a descriptive table header.,22,22,22,0,0,0,0,0,0,0,0,0,False,False,header,Maritime entity (reporting)
Rail network Segment (2015),rail network segment (2015),dimension_name,high,Predominantly appears as a descriptive table header.,21,40,20,0,1,1,0,0,1,0,0,0,False,False,cell|header,Rail network Segment (2015)|Unit of measure
Size classes in number of persons employed,size classes in number of persons employed,dimension_name,medium,Appears as a table header and also in mixed cell contexts.,21,38,20,0,1,1,0,1,0,0,0,1,False,True,cell|header,Categorisation of active substances for harmonised risk indicator|Geopolitical entity (reporting)|Size classes in number of persons employed|Unit of measure
Crops,crops,dimension_name,high,Predominantly appears as a descriptive table header.,21,21,20,0,1,0,0,1,0,0,1,0,False,False,cell|header,Crops|Geopolitical entity (reporting)
Rail network segment (2020),rail network segment (2020),dimension_name,high,Predominantly appears as a descriptive table header.,20,38,19,0,1,0,0,1,0,0,1,0,False,False,cell|header,Categorisation of active substances for harmonised risk indicator|Rail network segment (2020)
Individual type,individual type,dimension_name,medium,Appears as a table header and also in mixed cell contexts.,20,26,19,0,1,1,0,1,0,0,0,1,False,False,cell|header,Categorisation of active substances for harmonised risk indicator|Geopolitical entity (reporting)|Individual type|Unit of measure
Sector (ESA 2010),sector (esa 2010),dimension_name,high,Predominantly appears as a descriptive table header.,20,20,20,0,0,0,0,0,0,0,0,0,False,False,header,Sector (ESA 2010)
Sector (ESA 2010).1,sector (esa 2010).1,dimension_name,high,Predominantly appears as a descriptive table header.,20,20,20,0,0,0,0,0,0,0,0,0,False,False,header,Sector (ESA 2010).1
product,product,dimension_name,medium,Appears as a table header and also in mixed cell contexts.,19,23,18,0,1,1,0,1,0,0,0,1,False,False,cell|header,Geopolitical entity (reporting)|Unit of measure|product
Rail network segment (2005),rail network segment (2005),dimension_name,high,Predominantly appears as a descriptive table header.,18,34,17,0,1,1,0,0,1,0,0,0,False,False,cell|header,Rail network segment (2005)|Unit of measure
Income quantile,income quantile,dimension_name,medium,Appears as a table header and also in mixed cell contexts.,18,32,17,0,1,1,0,1,0,0,0,1,False,True,cell|header,Categorisation of active substances for harmonised risk indicator|Geopolitical entity (reporting)|Income quantile|Unit of measure
Size classes in number of employees,size classes in number of employees,dimension_name,medium,Appears as a table header and also in mixed cell contexts.,18,31,17,0,1,1,0,1,0,0,0,1,False,True,cell|header,Categorisation of active substances for harmonised risk indicator|Geopolitical entity (reporting)|Size classes in number of employees|Unit of measure
Quantile,quantile,dimension_name,medium,Appears as a table header and also in mixed cell contexts.,18,26,17,0,1,1,0,1,0,0,0,1,False,False,cell|header,Categorisation of active substances for harmonised risk indicator|Quantile|Unit of measure
Tenure status,tenure status,dimension_name,medium,Appears as a table header and also in mixed cell contexts.,18,23,17,0,1,1,0,1,0,0,0,1,False,False,cell|header,Categorisation of active substances for harmonised risk indicator|Tenure status|Unit of measure
Classification of activities for time use,classification of activities for time use,dimension_name,medium,Appears as a table header and also in mixed cell contexts.,16,29,15,0,1,1,0,1,0,0,0,1,False,False,cell|header,Categorisation of active substances for harmonised risk indicator|Classification of activities for time use|Geopolitical entity (reporting)|Unit of measure
Working time,working time,dimension_name,medium,Appears as a table header and also in mixed cell contexts.,16,25,15,0,1,1,0,1,0,0,0,1,False,False,cell|header,Categorisation of active substances for harmonised risk indicator|Geopolitical entity (reporting)|Unit of measure|Working time
Duration,duration,dimension_name,medium,Appears as a table header and also in mixed cell contexts.,16,21,15,0,1,1,0,1,0,0,0,1,False,True,cell|header,Categorisation of active substances for harmonised risk indicator|Duration|Geopolitical entity (reporting)|Unit of measure
Interest rate,interest rate,dimension_name,high,Predominantly appears as a descriptive table header.,16,19,15,0,1,0,0,1,0,0,1,0,False,True,cell|header,Categorisation of active substances for harmonised risk indicator|Interest rate
Direction of flow,direction of flow,dimension_name,high,Predominantly appears as a descriptive table header.,16,16,16,0,0,0,0,0,0,0,0,0,False,False,header,Direction of flow
Transport coverage,transport coverage,dimension_name,high,Predominantly appears as a descriptive table header.,16,16,16,0,0,0,0,0,0,0,0,0,False,False,header,Transport coverage
Health indicator,health indicator,dimension_name,high,Predominantly appears as a descriptive table header.,15,17,14,0,1,0,0,1,0,0,1,0,False,False,cell|header,Categorisation of active substances for harmonised risk indicator|Geopolitical entity (reporting)|Health indicator
Environment indicator,environment indicator,dimension_name,high,Predominantly appears as a descriptive table header.,15,16,14,0,1,1,0,0,1,0,0,0,False,False,cell|header,Environment indicator|Unit of measure
Transport infrastructure,transport infrastructure,dimension_name,high,Predominantly appears as a descriptive table header.,15,15,15,0,0,0,0,0,0,0,0,0,False,False,header,Transport infrastructure
Level of activity limitation,level of activity limitation,dimension_name,medium,Appears as a table header and also in mixed cell contexts.,14,25,13,0,1,1,0,1,0,0,0,1,False,False,cell|header,Categorisation of active substances for harmonised risk indicator|Geopolitical entity (reporting)|Level of activity limitation|Unit of measure
External trade indicator,external trade indicator,dimension_name,high,Predominantly appears as a descriptive table header.,14,14,14,0,0,0,0,0,0,0,0,0,False,False,header,External trade indicator
Structure of production,structure of production,dimension_name,high,Predominantly appears as a descriptive table header.,14,14,14,0,0,0,0,0,0,0,0,0,False,True,header,Structure of production
Waste management operations,waste management operations,dimension_name,high,Predominantly appears as a descriptive table header.,13,15,12,0,1,0,0,1,0,0,1,0,False,True,cell|header,Categorisation of active substances for harmonised risk indicator|Waste management operations
Risk of poverty threshold,risk of poverty threshold,dimension_name,medium,Appears as a table header and also in mixed cell contexts.,12,22,11,0,1,1,0,1,0,0,0,1,False,False,cell|header,Categorisation of active substances for harmonised risk indicator|Geopolitical entity (reporting)|Risk of poverty threshold|Unit of measure
Severity (days lost),severity (days lost),dimension_name,medium,Appears as a table header and also in mixed cell contexts.,12,15,11,0,1,1,0,1,0,0,0,1,False,False,cell|header,Geopolitical entity (reporting)|Severity (days lost)|Unit of measure
Employment indicator,employment indicator,dimension_name,high,Predominantly appears as a descriptive table header.,12,12,12,0,0,0,0,0,0,0,0,0,False,True,header,Employment indicator
Waste categories,waste categories,dimension_name,high,Predominantly appears as a descriptive table header.,12,12,11,0,1,1,0,0,1,0,0,0,False,False,cell|header,Unit of measure|Waste categories
Enterprise,enterprise,dimension_name,medium,Appears as a table header and also in mixed cell contexts.,11,17,10,0,1,1,0,1,0,0,0,1,False,False,cell|header,Categorisation of active substances for harmonised risk indicator|Enterprise|Geopolitical entity (reporting)|Unit of measure
Traffic and transport measurement,traffic and transport measurement,dimension_name,high,Predominantly appears as a descriptive table header.,11,11,11,0,0,0,0,0,0,0,0,0,False,False,header,Traffic and transport measurement
Weight,weight,dimension_name,high,Predominantly appears as a descriptive table header.,11,11,10,0,1,1,0,0,1,0,0,0,False,False,cell|header,Unit of measure|Weight
Type of ownership,type of ownership,dimension_name,medium,Appears as a table header and also in mixed cell contexts.,10,17,9,0,1,1,0,1,0,0,0,1,False,False,cell|header,Categorisation of active substances for harmonised risk indicator|Type of ownership|Unit of measure
Country/region of birth,country/region of birth,dimension_name,medium,Appears as a table header and also in mixed cell contexts.,10,16,9,0,1,1,0,1,0,0,0,1,False,True,cell|header,Categorisation of active substances for harmonised risk indicator|Country/region of birth|Unit of measure
Household composition,household composition,dimension_name,high,Predominantly appears as a descriptive table header.,10,13,9,0,1,0,0,1,0,0,1,0,False,False,cell|header,Categorisation of active substances for harmonised risk indicator|Household composition
Territorial typology,territorial typology,dimension_name,medium,Appears as a table header and also in mixed cell contexts.,10,11,9,0,1,1,0,1,0,0,0,1,False,False,cell|header,Categorisation of active substances for harmonised risk indicator|Territorial typology|Unit of measure
Live animals,live animals,dimension_name,high,Predominantly appears as a descriptive table header.,10,10,10,0,0,0,0,0,0,0,0,0,False,False,header,Live animals
nace_r1,nace_r1,dimension_name,high,Predominantly appears as a descriptive table header.,10,10,10,0,0,0,0,0,0,0,0,0,False,False,header,nace_r1
annex,annex,dimension_name,high,Predominantly appears as a descriptive table header.,9,16,8,0,1,0,0,1,0,0,1,0,False,False,cell|header,Categorisation of active substances for harmonised risk indicator|annex
indic_sb,indic_sb,dimension_name,high,Predominantly appears as a descriptive table header.,9,16,8,0,1,1,0,0,1,0,0,0,False,False,cell|header,Unit of measure|indic_sb
priority,priority,dimension_name,high,Predominantly appears as a descriptive table header.,9,16,8,0,1,0,0,1,0,0,1,0,False,False,cell|header,Geopolitical entity (reporting)|priority
Survey answer - Yes/No,survey answer - yes/no,dimension_name,medium,Appears as a table header and also in mixed cell contexts.,9,16,8,0,1,1,0,1,0,0,0,1,False,False,cell|header,Categorisation of active substances for harmonised risk indicator|Survey answer - Yes/No|Unit of measure
Indicator,indicator,dimension_name,high,Predominantly appears as a descriptive table header.,9,9,9,0,0,0,0,0,0,0,0,0,False,False,header,Indicator
Main expenditure type,main expenditure type,dimension_name,high,Predominantly appears as a descriptive table header.,9,9,8,0,1,0,0,1,0,0,1,0,False,True,cell|header,Geopolitical entity (reporting)|Main expenditure type
Motor energy,motor energy,dimension_name,high,Predominantly appears as a descriptive table header.,9,9,8,0,1,0,0,1,0,0,1,0,False,False,cell|header,Geopolitical entity (reporting)|Motor energy
Type of vessel,type of vessel,dimension_name,high,Predominantly appears as a descriptive table header.,9,9,9,0,0,0,0,0,0,0,0,0,False,False,header,Type of vessel
Type of violence,type of violence,dimension_name,medium,Appears as a table header and also in mixed cell contexts.,8,14,7,0,1,1,0,1,0,0,0,1,False,False,cell|header,Categorisation of active substances for harmonised risk indicator|Type of violence|Unit of measure
Effects,effects,dimension_name,medium,Appears as a table header and also in mixed cell contexts.,8,13,7,0,1,1,0,1,0,0,0,1,False,False,cell|header,Categorisation of active substances for harmonised risk indicator|Effects|Unit of measure
Eurofarm indicators,eurofarm indicators,dimension_name,medium,Appears as a table header and also in mixed cell contexts.,8,12,7,0,1,1,0,1,0,0,0,1,False,False,cell|header,Categorisation of active substances for harmonised risk indicator|Eurofarm indicators|Geopolitical entity (reporting)|Unit of measure
Education indicator,education indicator,dimension_name,high,Predominantly appears as a descriptive table header.,8,11,7,0,1,0,0,1,0,0,1,0,False,False,cell|header,Categorisation of active substances for harmonised risk indicator|Education indicator
Air pollutants and greenhouse gases,air pollutants and greenhouse gases,dimension_name,high,Predominantly appears as a descriptive table header.,8,8,8,0,0,0,0,0,0,0,0,0,False,False,header,Air pollutants and greenhouse gases
Maritime entity (partner),maritime entity (partner),dimension_name,high,Predominantly appears as a descriptive table header.,8,8,8,0,0,0,0,0,0,0,0,0,False,False,header,Maritime entity (partner)
Meat product,meat product,dimension_name,high,Predominantly appears as a descriptive table header.,8,8,8,0,0,0,0,0,0,0,0,0,False,False,header,Meat product
partner,partner,dimension_name,high,Predominantly appears as a descriptive table header.,8,8,8,0,0,0,0,0,0,0,0,0,False,False,header,partner
Occurence,occurence,dimension_name,high,Predominantly appears as a descriptive table header.,7,12,6,0,1,0,0,1,0,0,1,0,False,False,cell|header,Categorisation of active substances for harmonised risk indicator|Occurence
Person/support service,person/support service,dimension_name,high,Predominantly appears as a descriptive table header.,7,12,6,0,1,0,0,1,0,0,1,0,False,False,cell|header,Categorisation of active substances for harmonised risk indicator|Person/support service
Protected or protective area,protected or protective area,dimension_name,high,Predominantly appears as a descriptive table header.,7,10,6,0,1,0,0,1,0,0,1,0,False,False,cell|header,Categorisation of active substances for harmonised risk indicator|Geopolitical entity (reporting)|Protected or protective area
Standard international energy product classification (SIEC),standard international energy product classification (siec),dimension_name,medium,Appears as a table header and also in mixed cell contexts.,7,9,6,0,1,1,0,1,0,0,0,1,False,False,cell|header,Categorisation of active substances for harmonised risk indicator|Standard international energy product classification (SIEC)|Unit of measure
Country of destination,country of destination,dimension_name,medium,Appears as a table header and also in mixed cell contexts.,7,8,6,0,1,1,0,1,0,0,0,1,False,False,cell|header,Categorisation of active substances for harmonised risk indicator|Country of destination|Unit of measure
fishreg,fishreg,dimension_name,high,Predominantly appears as a descriptive table header.,7,7,7,0,0,0,0,0,0,0,0,0,False,False,header,fishreg
Hazard class,hazard class,dimension_name,high,Predominantly appears as a descriptive table header.,7,7,7,0,0,0,0,0,0,0,0,0,False,False,header,Hazard class
Metropolitan regions,metropolitan regions,dimension_name,high,Predominantly appears as a descriptive table header.,7,7,6,0,1,0,0,1,0,0,1,0,False,False,cell|header,Categorisation of active substances for harmonised risk indicator|Metropolitan regions
prod_ani,prod_ani,dimension_name,high,Predominantly appears as a descriptive table header.,7,7,7,0,0,0,0,0,0,0,0,0,False,False,header,prod_ani
Species,species,dimension_name,high,Predominantly appears as a descriptive table header.,7,7,7,0,0,0,0,0,0,0,0,0,False,False,header,Species|species
Level of difficulty,level of difficulty,dimension_name,medium,Appears as a table header and also in mixed cell contexts.,6,10,5,0,1,1,0,1,0,0,0,1,False,False,cell|header,Categorisation of active substances for harmonised risk indicator|Level of difficulty|Unit of measure
Plantation density,plantation density,dimension_name,high,Predominantly appears as a descriptive table header.,6,10,5,0,1,0,0,1,0,0,1,0,False,False,cell|header,Categorisation of active substances for harmonised risk indicator|Plantation density
International Standard Classification of Education (ISCED 1997),international standard classification of education (isced 1997),dimension_name,high,Predominantly appears as a descriptive table header.,6,9,5,0,1,0,0,1,0,0,1,0,False,False,cell|header,Categorisation of active substances for harmonised risk indicator|Geopolitical entity (reporting)|International Standard Classification of Education (ISCED 1997)
Life satisfaction,life satisfaction,dimension_name,medium,Appears as a table header and also in mixed cell contexts.,6,9,5,0,1,1,0,1,0,0,0,1,False,False,cell|header,Categorisation of active substances for harmonised risk indicator|Life satisfaction|Unit of measure
Modalities of the variable for the ad-hoc module,modalities of the variable for the ad-hoc module,dimension_name,high,Predominantly appears as a descriptive table header.,6,8,5,0,1,1,0,0,1,0,0,0,False,False,cell|header,Modalities of the variable for the ad-hoc module|Unit of measure
Energy balance,energy balance,dimension_name,high,Predominantly appears as a descriptive table header.,6,7,5,1,1,0,0,1,0,0,1,0,False,False,cell|header|title,Categorisation of active substances for harmonised risk indicator|Energy balance|title
Legal status,legal status,dimension_name,medium,Appears as a table header and also in mixed cell contexts.,6,7,5,0,1,1,0,1,0,0,0,1,False,False,cell|header,Categorisation of active substances for harmonised risk indicator|Legal status|Unit of measure
Training,training,dimension_name,medium,Appears as a table header and also in mixed cell contexts.,6,7,5,0,1,1,0,1,0,0,0,1,False,False,cell|header,Categorisation of active substances for harmonised risk indicator|Training|Unit of measure
Country of residence,country of residence,dimension_name,high,Predominantly appears as a descriptive table header.,6,6,6,0,0,0,0,0,0,0,0,0,False,False,header,Country of residence
cpa02,cpa02,dimension_name,high,Predominantly appears as a descriptive table header.,6,6,6,0,0,0,0,0,0,0,0,0,False,False,header,cpa02
indic_en,indic_en,dimension_name,high,Predominantly appears as a descriptive table header.,6,6,6,0,0,0,0,0,0,0,0,0,False,False,header,indic_en
International Standard Classification of Occupations 2008 (ISCO-08),international standard classification of occupations 2008 (isco-08),dimension_name,high,Predominantly appears as a descriptive table header.,6,6,6,0,0,0,0,0,0,0,0,0,False,False,header,International Standard Classification of Occupations 2008 (ISCO-08)
Item of milk,item of milk,dimension_name,high,Predominantly appears as a descriptive table header.,6,6,6,0,0,0,0,0,0,0,0,0,False,False,header,Item of milk
Materials,materials,dimension_name,high,Predominantly appears as a descriptive table header.,6,6,6,0,0,0,0,0,0,0,0,0,False,False,header,Materials
Maturity,maturity,dimension_name,high,Predominantly appears as a descriptive table header.,6,6,5,0,1,1,0,0,1,0,0,0,False,False,cell|header,Maturity|Unit of measure
Mode of transport,mode of transport,dimension_name,high,Predominantly appears as a descriptive table header.,6,6,5,0,1,1,0,0,1,0,0,0,False,False,cell|header,Mode of transport|Unit of measure
Price adjustment,price adjustment,dimension_name,high,Predominantly appears as a descriptive table header.,6,6,6,0,0,0,0,0,0,0,0,0,False,True,header,Price adjustment
prod_veg,prod_veg,dimension_name,high,Predominantly appears as a descriptive table header.,6,6,6,0,0,0,0,0,0,0,0,0,False,False,header,prod_veg
Forestry indicators,forestry indicators,dimension_name,high,Predominantly appears as a descriptive table header.,5,8,4,0,1,1,0,0,1,0,0,0,False,False,cell|header,Forestry indicators|Unit of measure
Housing,housing,dimension_name,high,Predominantly appears as a descriptive table header.,5,8,4,0,1,0,0,1,0,0,1,0,False,False,cell|header,Categorisation of active substances for harmonised risk indicator|Housing
Smoking behaviour,smoking behaviour,dimension_name,high,Predominantly appears as a descriptive table header.,5,8,4,0,1,1,0,0,1,0,0,0,False,False,cell|header,Smoking behaviour|Unit of measure
Type of building,type of building,dimension_name,high,Predominantly appears as a descriptive table header.,5,8,4,0,1,0,0,1,0,0,1,0,False,False,cell|header,Categorisation of active substances for harmonised risk indicator|Type of building
Type of perpetrator,type of perpetrator,dimension_name,high,Predominantly appears as a descriptive table header.,5,8,4,0,1,0,0,1,0,0,1,0,False,False,cell|header,Categorisation of active substances for harmonised risk indicator|Type of perpetrator
Victim - Yes/No,victim - yes/no,dimension_name,high,Predominantly appears as a descriptive table header.,5,8,4,0,1,1,0,0,1,0,0,0,False,False,cell|header,Unit of measure|Victim - Yes/No
Agricultural area,agricultural area,dimension_name,high,Predominantly appears as a descriptive table header.,5,7,4,0,1,0,0,1,0,0,1,0,False,False,cell|header,Agricultural area|Categorisation of active substances for harmonised risk indicator
Level,level,dimension_name,high,Predominantly appears as a descriptive table header.,5,7,4,0,1,0,0,1,0,0,1,0,False,False,cell|header,Categorisation of active substances for harmonised risk indicator|Level
Place of residence,place of residence,dimension_name,high,Predominantly appears as a descriptive table header.,5,7,4,0,1,1,0,0,1,0,0,0,False,False,cell|header,Place of residence|Unit of measure
Professional position,professional position,dimension_name,high,Predominantly appears as a descriptive table header.,5,6,4,0,1,0,0,1,0,0,1,0,False,False,cell|header,Categorisation of active substances for harmonised risk indicator|Professional position
Structure of earnings indicator,structure of earnings indicator,dimension_name,high,Predominantly appears as a descriptive table header.,5,6,4,0,1,0,0,1,0,0,1,0,False,False,cell|header,Categorisation of active substances for harmonised risk indicator|Structure of earnings indicator
Accident,accident,dimension_name,high,Predominantly appears as a descriptive table header.,5,5,5,0,0,0,0,0,0,0,0,0,False,False,header,Accident
age,age,dimension_name,high,Predominantly appears as a descriptive table header.,5,5,5,0,0,0,0,0,0,0,0,0,False,False,header,age
Agricultural products,agricultural products,dimension_name,high,Predominantly appears as a descriptive table header.,5,5,4,0,1,0,0,1,0,0,1,0,False,False,cell|header,Agricultural products|Categorisation of active substances for harmonised risk indicator
Analytical categories for purchasing power parities (PPPs) calculation,analytical categories for purchasing power parities (ppps) calculation,dimension_name,high,Predominantly appears as a descriptive table header.,5,5,5,0,0,0,0,0,0,0,0,0,False,False,header,Analytical categories for purchasing power parities (PPPs) calculation
Dairy and other animal products (except meat),dairy and other animal products (except meat),dimension_name,high,Predominantly appears as a descriptive table header.,5,5,5,0,0,0,0,0,0,0,0,0,False,False,header,Dairy and other animal products (except meat)
Expenditure and investment,expenditure and investment,dimension_name,high,Predominantly appears as a descriptive table header.,5,5,4,0,1,1,0,0,1,0,0,0,False,True,cell|header,Expenditure and investment|Unit of measure
Fruit species and groups of varieties,fruit species and groups of varieties,dimension_name,high,Predominantly appears as a descriptive table header.,5,5,5,0,0,0,0,0,0,0,0,0,False,False,header,Fruit species and groups of varieties
Hydrological parameters - flows - sources - water supply - treatment of water,hydrological parameters - flows - sources - water supply - treatment of water,dimension_name,high,Predominantly appears as a descriptive table header.,5,5,5,0,0,0,0,0,0,0,0,0,False,False,header,Hydrological parameters - flows - sources - water supply - treatment of water
Item of meat,item of meat,dimension_name,high,Predominantly appears as a descriptive table header.,5,5,5,0,0,0,0,0,0,0,0,0,False,False,header,Item of meat
itm_newa,itm_newa,dimension_name,high,Predominantly appears as a descriptive table header.,5,5,5,0,0,0,0,0,0,0,0,0,False,False,header,itm_newa
Labour costs structure,labour costs structure,dimension_name,high,Predominantly appears as a descriptive table header.,5,5,4,0,1,0,0,1,0,0,1,0,False,True,cell|header,Geopolitical entity (reporting)|Labour costs structure
Sector of performance,sector of performance,dimension_name,high,Predominantly appears as a descriptive table header.,5,5,5,0,0,0,0,0,0,0,0,0,False,False,header,Sector of performance
Tourism indicator,tourism indicator,dimension_name,high,Predominantly appears as a descriptive table header.,5,5,5,0,0,0,0,0,0,0,0,0,False,False,header,Tourism indicator
Water process,water process,dimension_name,high,Predominantly appears as a descriptive table header.,5,5,4,0,1,0,0,1,0,0,1,0,False,False,cell|header,Geopolitical entity (reporting)|Water process
Body Mass Index,body mass index,dimension_name,high,Predominantly appears as a descriptive table header.,4,6,3,0,1,1,0,0,1,0,0,0,False,False,cell|header,Body Mass Index|Unit of measure
Client specialisation,client specialisation,dimension_name,high,Predominantly appears as a descriptive table header.,4,6,3,0,1,1,0,0,1,0,0,0,False,False,cell|header,Client specialisation|Unit of measure
Education or training field,education or training field,dimension_name,high,Predominantly appears as a descriptive table header.,4,6,3,0,1,0,0,1,0,0,1,0,False,False,cell|header,Categorisation of active substances for harmonised risk indicator|Education or training field
Health problems,health problems,dimension_name,medium,Appears as a table header and also in mixed cell contexts.,4,6,3,0,1,1,0,1,0,0,0,1,False,False,cell|header,Geopolitical entity (reporting)|Health problems|Unit of measure
Level of efficiency,level of efficiency,dimension_name,medium,Appears as a table header and also in mixed cell contexts.,4,6,3,0,1,1,0,1,0,0,0,1,False,False,cell|header,Geopolitical entity (reporting)|Level of efficiency|Unit of measure
Nomenclature of land cover and land use (Corine Land Cover 2018),nomenclature of land cover and land use (corine land cover 2018),dimension_name,high,Predominantly appears as a descriptive table header.,4,6,3,0,1,1,0,0,1,0,0,0,False,False,cell|header,Nomenclature of land cover and land use (Corine Land Cover 2018)|Unit of measure
Classification of health care financing schemes - SHA 2011,classification of health care financing schemes - sha 2011,dimension_name,high,Predominantly appears as a descriptive table header.,4,5,3,0,1,1,0,0,1,0,0,0,False,False,cell|header,Classification of health care financing schemes - SHA 2011|Unit of measure
Farm type,farm type,dimension_name,medium,Appears as a table header and also in mixed cell contexts.,4,5,3,0,1,1,0,1,0,0,0,1,False,False,cell|header,Farm type|Geopolitical entity (reporting)|Unit of measure
International Standard Classification of Occupations for European Union purposes (ISCO-88 (COM)),international standard classification of occupations for european union purposes (isco-88 (com)),dimension_name,medium,Appears as a table header and also in mixed cell contexts.,4,5,3,0,1,1,0,1,0,0,0,1,False,False,cell|header,Categorisation of active substances for harmonised risk indicator|International Standard Classification of Occupations for European Union purposes (ISCO-88 (COM))|Unit of measure
isced11,isced11,dimension_name,high,Predominantly appears as a descriptive table header.,4,5,3,0,1,0,0,1,0,0,1,0,False,False,cell|header,Geopolitical entity (reporting)|isced11
Medical speciality,medical speciality,dimension_name,high,Predominantly appears as a descriptive table header.,4,5,3,0,1,0,0,1,0,0,1,0,False,False,cell|header,Categorisation of active substances for harmonised risk indicator|Geopolitical entity (reporting)|Medical speciality
n_person,n_person,dimension_name,medium,Appears as a table header and also in mixed cell contexts.,4,5,3,0,1,1,0,1,0,0,0,1,False,False,cell|header,Categorisation of active substances for harmonised risk indicator|Unit of measure|n_person
Type of network,type of network,dimension_name,high,Predominantly appears as a descriptive table header.,4,5,3,0,1,0,0,1,0,0,1,0,False,False,cell|header,Geopolitical entity (reporting)|Type of network
Applicant type,applicant type,dimension_name,high,Predominantly appears as a descriptive table header.,4,4,4,0,0,0,0,0,0,0,0,0,False,False,header,Applicant type
Aquatic environment,aquatic environment,dimension_name,high,Predominantly appears as a descriptive table header.,4,4,4,0,0,0,0,0,0,0,0,0,False,False,header,Aquatic environment
Balance of payments indicator,balance of payments indicator,dimension_name,high,Predominantly appears as a descriptive table header.,4,4,4,0,0,0,0,0,0,0,0,0,False,False,header,Balance of payments indicator
Category of schemes,category of schemes,dimension_name,high,Predominantly appears as a descriptive table header.,4,4,3,0,1,1,0,0,1,0,0,0,False,False,cell|header,Category of schemes|Unit of measure
Decision,decision,dimension_name,high,Predominantly appears as a descriptive table header.,4,4,4,0,0,0,0,0,0,0,0,0,False,False,header,Decision
Exchange rate,exchange rate,dimension_name,high,Predominantly appears as a descriptive table header.,4,4,4,0,0,0,0,0,0,0,0,0,False,True,header,Exchange rate
Health care,health care,dimension_name,high,Predominantly appears as a descriptive table header.,4,4,3,0,1,0,0,1,0,0,1,0,False,False,cell|header,Categorisation of active substances for harmonised risk indicator|Health care
indic_ag,indic_ag,dimension_name,high,Predominantly appears as a descriptive table header.,4,4,4,0,0,0,0,0,0,0,0,0,False,False,header,indic_ag
International classification of crime for statistical purposes (ICCS),international classification of crime for statistical purposes (iccs),dimension_name,high,Predominantly appears as a descriptive table header.,4,4,3,0,1,0,0,1,0,0,1,0,False,False,cell|header,Categorisation of active substances for harmonised risk indicator|International classification of crime for statistical purposes (ICCS)
Loading status,loading status,dimension_name,high,Predominantly appears as a descriptive table header.,4,4,4,0,0,0,0,0,0,0,0,0,False,False,header,Loading status
Month,month,dimension_name,high,Predominantly appears as a descriptive table header.,4,4,4,0,0,0,0,0,0,0,0,0,False,False,header,Month
n_child,n_child,dimension_name,high,Predominantly appears as a descriptive table header.,4,4,3,0,1,0,0,1,0,0,1,0,False,False,cell|header,Categorisation of active substances for harmonised risk indicator|n_child
Type of activity,type of activity,dimension_name,high,Predominantly appears as a descriptive table header.,4,4,4,0,0,0,0,0,0,0,0,0,False,False,header,Type of activity
Type of cargo,type of cargo,dimension_name,high,Predominantly appears as a descriptive table header.,4,4,4,0,0,0,0,0,0,0,0,0,False,False,header,Type of cargo
Work intensity,work intensity,dimension_name,high,Predominantly appears as a descriptive table header.,4,4,4,0,0,0,0,0,0,0,0,0,False,False,header,Work intensity
Amenities,amenities,dimension_name,medium,Appears as a table header and also in mixed cell contexts.,3,4,2,0,1,1,0,1,0,0,0,1,False,False,cell|header,Amenities|Categorisation of active substances for harmonised risk indicator|Unit of measure
Awareness - Yes/No,awareness - yes/no,dimension_name,high,Predominantly appears as a descriptive table header.,3,4,2,0,1,0,0,1,0,0,1,0,False,False,cell|header,Awareness - Yes/No|Categorisation of active substances for harmonised risk indicator
Category of persons,category of persons,dimension_name,high,Predominantly appears as a descriptive table header.,3,4,2,0,1,1,0,0,1,0,0,0,False,False,cell|header,Category of persons|Unit of measure
Client/Trader,client/trader,dimension_name,high,Predominantly appears as a descriptive table header.,3,4,2,0,1,1,0,0,1,0,0,0,False,False,cell|header,Client/Trader|Unit of measure
Cross border trade,cross border trade,dimension_name,high,Predominantly appears as a descriptive table header.,3,4,2,0,1,0,0,1,0,0,1,0,False,False,cell|header,Cross border trade|Geopolitical entity (reporting)
Customer,customer,dimension_name,medium,Appears as a table header and also in mixed cell contexts.,3,4,2,0,1,1,0,1,0,0,0,1,False,False,cell|header,Categorisation of active substances for harmonised risk indicator|Customer|Unit of measure
Legal type of the holding,legal type of the holding,dimension_name,medium,Appears as a table header and also in mixed cell contexts.,3,4,2,0,1,1,0,1,0,0,0,1,False,False,cell|header,Geopolitical entity (reporting)|Legal type of the holding|Unit of measure
Level of commonness,level of commonness,dimension_name,high,Predominantly appears as a descriptive table header.,3,4,2,0,1,0,0,1,0,0,1,0,False,False,cell|header,Categorisation of active substances for harmonised risk indicator|Level of commonness
n_book,n_book,dimension_name,high,Predominantly appears as a descriptive table header.,3,4,2,0,1,0,0,1,0,0,1,0,False,False,cell|header,Categorisation of active substances for harmonised risk indicator|n_book
n_hprob,n_hprob,dimension_name,high,Predominantly appears as a descriptive table header.,3,4,2,0,1,0,0,1,0,0,1,0,False,False,cell|header,Geopolitical entity (reporting)|n_hprob
n_portion,n_portion,dimension_name,high,Predominantly appears as a descriptive table header.,3,4,2,0,1,1,0,0,1,0,0,0,False,False,cell|header,Unit of measure|n_portion
n_room,n_room,dimension_name,medium,Appears as a table header and also in mixed cell contexts.,3,4,2,0,1,1,0,1,0,0,0,1,False,False,cell|header,Categorisation of active substances for harmonised risk indicator|Unit of measure|n_room
Power asymmetry,power asymmetry,dimension_name,high,Predominantly appears as a descriptive table header.,3,4,2,0,1,1,0,0,1,0,0,0,False,False,cell|header,Power asymmetry|Unit of measure
Ranking,ranking,dimension_name,medium,Appears as a table header and also in mixed cell contexts.,3,4,2,0,1,1,0,1,0,0,0,1,False,False,cell|header,Categorisation of active substances for harmonised risk indicator|Ranking|Unit of measure
Sourcing activity,sourcing activity,dimension_name,high,Predominantly appears as a descriptive table header.,3,4,2,0,1,1,0,0,1,0,0,0,False,False,cell|header,Sourcing activity|Unit of measure
"Standard goods classification for transport statistics (NST 2007, 20 group)","standard goods classification for transport statistics (nst 2007, 20 group)",dimension_name,high,Predominantly appears as a descriptive table header.,3,4,2,0,1,0,0,1,0,0,1,0,False,False,cell|header,"Categorisation of active substances for harmonised risk indicator|Standard goods classification for transport statistics (NST 2007, 20 group)"
Survey on variables under vines,survey on variables under vines,dimension_name,high,Predominantly appears as a descriptive table header.,3,4,2,0,1,0,0,1,0,0,1,0,False,False,cell|header,Categorisation of active substances for harmonised risk indicator|Survey on variables under vines
Type of assistance provided/needed for disabled persons to work,type of assistance provided/needed for disabled persons to work,dimension_name,high,Predominantly appears as a descriptive table header.,3,4,2,0,1,0,0,1,0,0,1,0,False,False,cell|header,Categorisation of active substances for harmonised risk indicator|Type of assistance provided/needed for disabled persons to work
Wine-grape vine variety,wine-grape vine variety,dimension_name,high,Predominantly appears as a descriptive table header.,3,4,2,0,1,1,0,0,1,0,0,0,False,False,cell|header,Unit of measure|Wine-grape vine variety
Abstraction and use sector or treatment type,abstraction and use sector or treatment type,dimension_name,high,Predominantly appears as a descriptive table header.,3,3,3,0,0,0,0,0,0,0,0,0,False,False,header,Abstraction and use sector or treatment type
Accommodation unit,accommodation unit,dimension_name,high,Predominantly appears as a descriptive table header.,3,3,3,0,0,0,0,0,0,0,0,0,False,False,header,Accommodation unit
Age definition,age definition,dimension_name,high,Predominantly appears as a descriptive table header.,3,3,3,0,0,0,0,0,0,0,0,0,False,False,header,Age definition
At risk of poverty - Yes/No,at risk of poverty - yes/no,dimension_name,high,Predominantly appears as a descriptive table header.,3,3,3,0,0,0,0,0,0,0,0,0,False,False,header,At risk of poverty - Yes/No
Categorisation of active substances for harmonised risk indicator,categorisation of active substances for harmonised risk indicator,dimension_name,high,Predominantly appears as a descriptive table header.,3,3,3,0,0,0,0,0,0,0,0,0,False,False,header,Categorisation of active substances for harmonised risk indicator
Country of cabotage,country of cabotage,dimension_name,high,Predominantly appears as a descriptive table header.,3,3,2,0,1,1,0,0,1,0,0,0,False,False,cell|header,Country of cabotage|Unit of measure
Entity,entity,dimension_name,high,Predominantly appears as a descriptive table header.,3,3,3,0,0,0,0,0,0,0,0,0,False,False,header,Entity
expend,expend,dimension_name,high,Predominantly appears as a descriptive table header.,3,3,3,0,0,0,0,0,0,0,0,0,False,False,header,expend
Foreign direct investment item,foreign direct investment item,dimension_name,high,Predominantly appears as a descriptive table header.,3,3,3,0,0,0,0,0,0,0,0,0,False,False,header,Foreign direct investment item
Geopolitical entity (declaring),geopolitical entity (declaring),dimension_name,high,Predominantly appears as a descriptive table header.,3,3,3,0,0,0,0,0,0,0,0,0,False,False,header,Geopolitical entity (declaring)
Indicators on crime and criminal justice,indicators on crime and criminal justice,dimension_name,high,Predominantly appears as a descriptive table header.,3,3,2,0,1,0,0,1,0,0,1,0,False,False,cell|header,Categorisation of active substances for harmonised risk indicator|Indicators on crime and criminal justice
Land use category (km2),land use category (km2),dimension_name,high,Predominantly appears as a descriptive table header.,3,3,3,0,0,0,0,0,0,0,0,0,False,False,header,Land use category (km2)
Means testing,means testing,dimension_name,high,Predominantly appears as a descriptive table header.,3,3,3,0,0,0,0,0,0,0,0,0,False,True,header,Means testing
Mode of accommodation,mode of accommodation,dimension_name,high,Predominantly appears as a descriptive table header.,3,3,2,0,1,0,0,1,0,0,1,0,False,False,cell|header,Categorisation of active substances for harmonised risk indicator|Mode of accommodation
n_vessel,n_vessel,dimension_name,high,Predominantly appears as a descriptive table header.,3,3,3,0,0,0,0,0,0,0,0,0,False,False,header,n_vessel
Pension type,pension type,dimension_name,high,Predominantly appears as a descriptive table header.,3,3,3,0,0,0,0,0,0,0,0,0,False,False,header,Pension type
Purchases,purchases,dimension_name,high,Predominantly appears as a descriptive table header.,3,3,3,0,0,0,0,0,0,0,0,0,False,False,header,Purchases
Sea basins,sea basins,dimension_name,high,Predominantly appears as a descriptive table header.,3,3,3,0,0,0,0,0,0,0,0,0,False,False,header,Sea basins
Standard output in Euros,standard output in euros,dimension_name,high,Predominantly appears as a descriptive table header.,3,3,2,0,1,0,0,1,0,0,1,0,True,False,cell|header,Categorisation of active substances for harmonised risk indicator|Standard output in Euros
Taxes,taxes,dimension_name,high,Predominantly appears as a descriptive table header.,3,3,3,0,0,0,0,0,0,0,0,0,False,False,header,Taxes
Type of schedule,type of schedule,dimension_name,high,Predominantly appears as a descriptive table header.,3,3,3,0,0,0,0,0,0,0,0,0,False,False,header,Type of schedule
Wastewater treatment plants,wastewater treatment plants,dimension_name,high,Predominantly appears as a descriptive table header.,3,3,3,0,0,0,0,0,0,0,0,0,False,False,header,Wastewater treatment plants
Water sources,water sources,dimension_name,high,Predominantly appears as a descriptive table header.,3,3,3,0,0,0,0,0,0,0,0,0,False,False,header,Water sources
Year of construction,year of construction,dimension_name,high,Predominantly appears as a descriptive table header.,3,3,2,0,1,1,0,0,1,0,0,0,False,False,cell|header,Unit of measure|Year of construction
Yield curve,yield curve,dimension_name,high,Predominantly appears as a descriptive table header.,3,3,2,0,1,0,0,1,0,0,1,0,False,False,cell|header,Categorisation of active substances for harmonised risk indicator|Yield curve
Aircraft category,aircraft category,dimension_name,high,Predominantly appears as a descriptive table header.,2,2,2,0,0,0,0,0,0,0,0,0,False,False,header,Aircraft category
Arable land area,arable land area,dimension_name,high,Predominantly appears as a descriptive table header.,2,2,1,0,1,1,0,0,1,0,0,0,False,False,cell|header,Arable land area|Unit of measure
At risk of poverty or social exclusion - Yes/No,at risk of poverty or social exclusion - yes/no,dimension_name,high,Predominantly appears as a descriptive table header.,2,2,1,0,1,0,0,1,0,0,1,0,False,False,cell|header,At risk of poverty or social exclusion - Yes/No|Categorisation of active substances for harmonised risk indicator
Bird species,bird species,dimension_name,high,Predominantly appears as a descriptive table header.,2,2,2,0,0,0,0,0,0,0,0,0,False,False,header,Bird species
Broad economic categories (BEC Rev.5),broad economic categories (bec rev.5),dimension_name,high,Predominantly appears as a descriptive table header.,2,2,1,0,1,1,0,0,1,0,0,0,False,False,cell|header,Broad economic categories (BEC Rev.5)|Unit of measure
Business function,business function,dimension_name,high,Predominantly appears as a descriptive table header.,2,2,1,0,1,0,0,1,0,0,1,0,False,False,cell|header,Business function|Categorisation of active substances for harmonised risk indicator
Calorific values,calorific values,dimension_name,high,Predominantly appears as a descriptive table header.,2,2,1,0,1,0,0,1,0,0,1,0,False,False,cell|header,Calorific values|Geopolitical entity (reporting)
Category of voters,category of voters,dimension_name,high,Predominantly appears as a descriptive table header.,2,2,1,0,1,0,0,1,0,0,1,0,False,False,cell|header,Categorisation of active substances for harmonised risk indicator|Category of voters
Change,change,dimension_name,high,Predominantly appears as a descriptive table header.,2,2,1,0,1,1,0,0,1,0,0,0,False,False,cell|header,Change|Unit of measure
Classification of health care functions - SHA 2011,classification of health care functions - sha 2011,dimension_name,high,Predominantly appears as a descriptive table header.,2,2,1,0,1,1,0,0,1,0,0,0,False,False,cell|header,Classification of health care functions - SHA 2011|Unit of measure
Classifications of environmental activities: environmental protection activities (CEPA) and resource management activities (CReMA),classifications of environmental activities: environmental protection activities (cepa) and resource management activities (crema),dimension_name,high,Predominantly appears as a descriptive table header.,2,2,2,0,0,0,0,0,0,0,0,0,False,False,header,Classifications of environmental activities: environmental protection activities (CEPA) and resource management activities (CReMA)
Components of energy prices,components of energy prices,dimension_name,high,Predominantly appears as a descriptive table header.,2,2,1,0,1,1,0,0,1,0,0,0,False,True,cell|header,Components of energy prices|Unit of measure
Consequences - Yes/No,consequences - yes/no,dimension_name,high,Predominantly appears as a descriptive table header.,2,2,1,0,1,0,0,1,0,0,1,0,False,False,cell|header,Categorisation of active substances for harmonised risk indicator|Consequences - Yes/No
Control over working time,control over working time,dimension_name,high,Predominantly appears as a descriptive table header.,2,2,1,0,1,0,0,1,0,0,1,0,False,False,cell|header,Control over working time|Geopolitical entity (reporting)
Country of registration,country of registration,dimension_name,high,Predominantly appears as a descriptive table header.,2,2,2,0,0,0,0,0,0,0,0,0,False,True,header,Country of registration
Engine capacity of vehicle,engine capacity of vehicle,dimension_name,high,Predominantly appears as a descriptive table header.,2,2,2,0,0,0,0,0,0,0,0,0,False,False,header,Engine capacity of vehicle
Engine power,engine power,dimension_name,high,Predominantly appears as a descriptive table header.,2,2,2,0,0,0,0,0,0,0,0,0,False,False,header,Engine power
Enterprise group identification,enterprise group identification,dimension_name,high,Predominantly appears as a descriptive table header.,2,2,1,0,1,0,0,1,0,0,1,0,False,False,cell|header,Enterprise group identification|Geopolitical entity (reporting)
Fishing gears,fishing gears,dimension_name,high,Predominantly appears as a descriptive table header.,2,2,2,0,0,0,0,0,0,0,0,0,False,False,header,Fishing gears
fishreg\TIME_PERIOD,fishreg\time_period,dimension_name,high,Predominantly appears as a descriptive table header.,2,2,2,0,0,0,0,0,0,0,0,0,False,False,header,fishreg\TIME_PERIOD
ind_inpu,ind_inpu,dimension_name,high,Predominantly appears as a descriptive table header.,2,2,1,0,1,1,0,0,1,0,0,0,False,False,cell|header,Unit of measure|ind_inpu
ind_outp,ind_outp,dimension_name,high,Predominantly appears as a descriptive table header.,2,2,1,0,1,1,0,0,1,0,0,0,False,False,cell|header,Unit of measure|ind_outp
ISCED Fields of education and training (ISCED-F 2013),isced fields of education and training (isced-f 2013),dimension_name,high,Predominantly appears as a descriptive table header.,2,2,1,0,1,0,0,1,0,0,1,0,False,False,cell|header,Geopolitical entity (reporting)|ISCED Fields of education and training (ISCED-F 2013)
Kind of business partners,kind of business partners,dimension_name,high,Predominantly appears as a descriptive table header.,2,2,1,0,1,0,0,1,0,0,1,0,False,False,cell|header,Categorisation of active substances for harmonised risk indicator|Kind of business partners
Land cover,land cover,dimension_name,high,Predominantly appears as a descriptive table header.,2,2,1,0,1,1,0,0,1,0,0,0,False,False,cell|header,Land cover|Unit of measure
Land use,land use,dimension_name,high,Predominantly appears as a descriptive table header.,2,2,2,0,0,0,0,0,0,0,0,0,False,False,header,Land use
lev_limit,lev_limit,dimension_name,high,Predominantly appears as a descriptive table header.,2,2,1,0,1,1,0,0,1,0,0,0,False,False,cell|header,Unit of measure|lev_limit
Level of financial situation,level of financial situation,dimension_name,high,Predominantly appears as a descriptive table header.,2,2,1,0,1,0,0,1,0,0,1,0,False,False,cell|header,Categorisation of active substances for harmonised risk indicator|Level of financial situation
Level of perception,level of perception,dimension_name,high,Predominantly appears as a descriptive table header.,2,2,1,0,1,0,0,1,0,0,1,0,False,False,cell|header,Categorisation of active substances for harmonised risk indicator|Level of perception
Level of satisfaction,level of satisfaction,dimension_name,high,Predominantly appears as a descriptive table header.,2,2,1,0,1,0,0,1,0,0,1,0,False,False,cell|header,Categorisation of active substances for harmonised risk indicator|Level of satisfaction
List of products - EAA,list of products - eaa,dimension_name,high,Predominantly appears as a descriptive table header.,2,2,2,0,0,0,0,0,0,0,0,0,False,False,header,List of products - EAA
Means of goods and services supply,means of goods and services supply,dimension_name,high,Predominantly appears as a descriptive table header.,2,2,1,0,1,1,0,0,1,0,0,0,False,True,cell|header,Means of goods and services supply|Unit of measure
Media,media,dimension_name,high,Predominantly appears as a descriptive table header.,2,2,1,0,1,0,0,1,0,0,1,0,False,False,cell|header,Geopolitical entity (reporting)|Media
Migration status,migration status,dimension_name,high,Predominantly appears as a descriptive table header.,2,2,1,0,1,0,0,1,0,0,1,0,False,True,cell|header,Geopolitical entity (reporting)|Migration status
Milk product,milk product,dimension_name,high,Predominantly appears as a descriptive table header.,2,2,2,0,0,0,0,0,0,0,0,0,False,False,header,Milk product
n_action,n_action,dimension_name,high,Predominantly appears as a descriptive table header.,2,2,1,0,1,0,0,1,0,0,1,0,False,False,cell|header,Categorisation of active substances for harmonised risk indicator|n_action
n_activ,n_activ,dimension_name,high,Predominantly appears as a descriptive table header.,2,2,1,0,1,0,0,1,0,0,1,0,False,False,cell|header,Categorisation of active substances for harmonised risk indicator|n_activ
n_injury,n_injury,dimension_name,high,Predominantly appears as a descriptive table header.,2,2,1,0,1,0,0,1,0,0,1,0,False,False,cell|header,Geopolitical entity (reporting)|n_injury
n_item,n_item,dimension_name,high,Predominantly appears as a descriptive table header.,2,2,2,0,0,0,0,0,0,0,0,0,False,False,header,n_item
Nationality of registration of vessel,nationality of registration of vessel,dimension_name,high,Predominantly appears as a descriptive table header.,2,2,2,0,0,0,0,0,0,0,0,0,False,True,header,Nationality of registration of vessel
Nomenclature for the analysis and comparison of scientific programmes and budgets (NABS 2007),nomenclature for the analysis and comparison of scientific programmes and budgets (nabs 2007),dimension_name,high,Predominantly appears as a descriptive table header.,2,2,2,0,0,0,0,0,0,0,0,0,False,False,header,Nomenclature for the analysis and comparison of scientific programmes and budgets (NABS 2007)
nstr24,nstr24,dimension_name,high,Predominantly appears as a descriptive table header.,2,2,1,0,1,1,0,0,1,0,0,0,False,False,cell|header,Unit of measure|nstr24
Number of items,number of items,dimension_name,high,Predominantly appears as a descriptive table header.,2,2,2,0,0,0,0,0,0,0,0,0,False,True,header,Number of items
Other gainful activity of the holder,other gainful activity of the holder,dimension_name,high,Predominantly appears as a descriptive table header.,2,2,1,0,1,0,0,1,0,0,1,0,False,False,cell|header,Categorisation of active substances for harmonised risk indicator|Other gainful activity of the holder
Price setting,price setting,dimension_name,high,Predominantly appears as a descriptive table header.,2,2,1,0,1,0,0,1,0,0,1,0,False,True,cell|header,Categorisation of active substances for harmonised risk indicator|Price setting
Purpose,purpose,dimension_name,high,Predominantly appears as a descriptive table header.,2,2,2,0,0,0,0,0,0,0,0,0,False,False,header,Purpose
Risk type,risk type,dimension_name,high,Predominantly appears as a descriptive table header.,2,2,1,0,1,0,0,1,0,0,1,0,False,False,cell|header,Categorisation of active substances for harmonised risk indicator|Risk type
Seniority category,seniority category,dimension_name,high,Predominantly appears as a descriptive table header.,2,2,1,0,1,0,0,1,0,0,1,0,False,False,cell|header,Geopolitical entity (reporting)|Seniority category
Share of income,share of income,dimension_name,high,Predominantly appears as a descriptive table header.,2,2,1,0,1,0,0,1,0,0,1,0,False,True,cell|header,Categorisation of active substances for harmonised risk indicator|Share of income
Size classes in percentage,size classes in percentage,dimension_name,high,Predominantly appears as a descriptive table header.,2,2,1,0,1,0,0,1,0,0,1,0,True,False,cell|header,Categorisation of active substances for harmonised risk indicator|Size classes in percentage
Size of accommodation by number of bedplaces,size of accommodation by number of bedplaces,dimension_name,high,Predominantly appears as a descriptive table header.,2,2,1,0,1,0,0,1,0,0,1,0,False,True,cell|header,Categorisation of active substances for harmonised risk indicator|Size of accommodation by number of bedplaces
sizeclas,sizeclas,dimension_name,high,Predominantly appears as a descriptive table header.,2,2,2,0,0,0,0,0,0,0,0,0,False,False,header,sizeclas
Social insurance coverage,social insurance coverage,dimension_name,high,Predominantly appears as a descriptive table header.,2,2,1,0,1,1,0,0,1,0,0,0,False,False,cell|header,Social insurance coverage|Unit of measure
Social protection indicators,social protection indicators,dimension_name,high,Predominantly appears as a descriptive table header.,2,2,1,0,1,0,0,1,0,0,1,0,False,False,cell|header,Categorisation of active substances for harmonised risk indicator|Social protection indicators
Source of information,source of information,dimension_name,high,Predominantly appears as a descriptive table header.,2,2,1,0,1,1,0,0,1,0,0,0,False,False,cell|header,Source of information|Unit of measure
Specific physical activity,specific physical activity,dimension_name,high,Predominantly appears as a descriptive table header.,2,2,1,0,1,1,0,0,1,0,0,0,False,False,cell|header,Specific physical activity|Unit of measure
Taught activities during paid working hours,taught activities during paid working hours,dimension_name,high,Predominantly appears as a descriptive table header.,2,2,1,0,1,0,0,1,0,0,1,0,False,False,cell|header,Categorisation of active substances for harmonised risk indicator|Taught activities during paid working hours
Thickness,thickness,dimension_name,high,Predominantly appears as a descriptive table header.,2,2,1,0,1,0,0,1,0,0,1,0,False,False,cell|header,Categorisation of active substances for harmonised risk indicator|Thickness
tra_cov,tra_cov,dimension_name,high,Predominantly appears as a descriptive table header.,2,2,1,0,1,0,0,1,0,0,1,0,False,False,cell|header,Geopolitical entity (reporting)|tra_cov
Type of employment contract,type of employment contract,dimension_name,high,Predominantly appears as a descriptive table header.,2,2,1,0,1,0,0,1,0,0,1,0,False,True,cell|header,Geopolitical entity (reporting)|Type of employment contract
Type of expenditure,type of expenditure,dimension_name,high,Predominantly appears as a descriptive table header.,2,2,2,0,0,0,0,0,0,0,0,0,False,True,header,Type of expenditure
Type of issuer,type of issuer,dimension_name,high,Predominantly appears as a descriptive table header.,2,2,1,0,1,0,0,1,0,0,1,0,False,False,cell|header,Categorisation of active substances for harmonised risk indicator|Type of issuer
Type of signalling,type of signalling,dimension_name,high,Predominantly appears as a descriptive table header.,2,2,1,0,1,1,0,0,1,0,0,0,False,False,cell|header,Type of signalling|Unit of measure
Type of task or service,type of task or service,dimension_name,high,Predominantly appears as a descriptive table header.,2,2,1,0,1,0,0,1,0,0,1,0,False,False,cell|header,Categorisation of active substances for harmonised risk indicator|Type of task or service
Type of transport,type of transport,dimension_name,high,Predominantly appears as a descriptive table header.,2,2,2,0,0,0,0,0,0,0,0,0,False,False,header,Type of transport
Type of victim,type of victim,dimension_name,high,Predominantly appears as a descriptive table header.,2,2,2,0,0,0,0,0,0,0,0,0,False,False,header,Type of victim
Water pollutants,water pollutants,dimension_name,high,Predominantly appears as a descriptive table header.,2,2,2,0,0,0,0,0,0,0,0,0,False,False,header,Water pollutants
Wood products,wood products,dimension_name,high,Predominantly appears as a descriptive table header.,2,2,1,0,1,0,0,1,0,0,1,0,False,False,cell|header,Categorisation of active substances for harmonised risk indicator|Wood products
Work assignment,work assignment,dimension_name,high,Predominantly appears as a descriptive table header.,2,2,1,0,1,0,0,1,0,0,1,0,False,False,cell|header,Categorisation of active substances for harmonised risk indicator|Work assignment
Work experience during studies,work experience during studies,dimension_name,high,Predominantly appears as a descriptive table header.,2,2,1,0,1,1,0,0,1,0,0,0,False,False,cell|header,Unit of measure|Work experience during studies
Working time flexibility,working time flexibility,dimension_name,high,Predominantly appears as a descriptive table header.,2,2,1,0,1,0,0,1,0,0,1,0,False,False,cell|header,Categorisation of active substances for harmonised risk indicator|Working time flexibility
yn_arope,yn_arope,dimension_name,high,Predominantly appears as a descriptive table header.,2,2,1,0,1,1,0,0,1,0,0,0,False,False,cell|header,Unit of measure|yn_arope
Administrative domain,administrative domain,dimension_name,high,Predominantly appears as a descriptive table header.,1,1,1,0,0,0,0,0,0,0,0,0,False,False,header,Administrative domain
aei_pestsal_rsk.csv                                                                                 0000644 0001750 0001750 00000070602 14766243005 017271  0                                                                                                    ustar  senellar                        senellar                                        15024230320 15024213060                                                                                                                                                Time frequency,aei_pestsal_rsk.csv                                                                                 0000644 0001750 0001750 00000070602 14766243005 017271  0                                                                                                    ustar  senellar                        senellar                                        15024230320 15024213060                                                                                                                                                time frequency,dimension_name,high,Predominantly appears as a descriptive table header.,1,1,1,0,0,0,0,0,0,0,0,0,False,False,header,aei_pestsal_rsk.csv                                                                                 0000644 0001750 0001750 00000070602 14766243005 017271  0                                                                                                    ustar  senellar                        senellar                                        15024230320 15024213060                                                                                                                                                Time frequency
Age of the child,age of the child,dimension_name,high,Predominantly appears as a descriptive table header.,1,1,1,0,0,0,0,0,0,0,0,0,False,False,header,Age of the child
agechild,agechild,dimension_name,high,Predominantly appears as a descriptive table header.,1,1,1,0,0,0,0,0,0,0,0,0,False,False,header,agechild
Agricultural production methods,agricultural production methods,dimension_name,high,Predominantly appears as a descriptive table header.,1,1,1,0,0,0,0,0,0,0,0,0,False,True,header,Agricultural production methods
airsect,airsect,dimension_name,high,Predominantly appears as a descriptive table header.,1,1,1,0,0,0,0,0,0,0,0,0,False,False,header,airsect
Aquaculture method,aquaculture method,dimension_name,high,Predominantly appears as a descriptive table header.,1,1,1,0,0,0,0,0,0,0,0,0,False,False,header,Aquaculture method
aquaenv,aquaenv,dimension_name,high,Predominantly appears as a descriptive table header.,1,1,1,0,0,0,0,0,0,0,0,0,False,False,header,aquaenv
Assets (ESA 2010),assets (esa 2010),dimension_name,high,Predominantly appears as a descriptive table header.,1,1,1,0,0,0,0,0,0,0,0,0,False,False,header,Assets (ESA 2010)
Basic classes of goods in the System of National Accounts (SNA) in terms of Broad Economic Categories (BEC),basic classes of goods in the system of national accounts (sna) in terms of broad economic categories (bec),dimension_name,high,Predominantly appears as a descriptive table header.,1,1,1,0,0,0,0,0,0,0,0,0,False,False,header,Basic classes of goods in the System of National Accounts (SNA) in terms of Broad Economic Categories (BEC)
Bonds,bonds,dimension_name,high,Predominantly appears as a descriptive table header.,1,1,1,0,0,0,0,0,0,0,0,0,False,False,header,Bonds
Categories of navigable inland waterways by horizontal dimensions of vessels and pushed convoys,categories of navigable inland waterways by horizontal dimensions of vessels and pushed convoys,dimension_name,high,Predominantly appears as a descriptive table header.,1,1,1,0,0,0,0,0,0,0,0,0,False,False,header,Categories of navigable inland waterways by horizontal dimensions of vessels and pushed convoys
Category,category,dimension_name,high,Predominantly appears as a descriptive table header.,1,1,1,0,0,0,0,0,0,0,0,0,False,False,header,Category
Classification of the functions of government (COFOG 1999),classification of the functions of government (cofog 1999),dimension_name,high,Predominantly appears as a descriptive table header.,1,1,1,0,0,0,0,0,0,0,0,0,False,False,header,Classification of the functions of government (COFOG 1999)
Consumption footprint,consumption footprint,dimension_name,high,Predominantly appears as a descriptive table header.,1,1,1,0,0,0,0,0,0,0,0,0,False,True,header,Consumption footprint
Cooperation partners,cooperation partners,dimension_name,high,Predominantly appears as a descriptive table header.,1,1,1,0,0,0,0,0,0,0,0,0,False,True,header,Cooperation partners
Cooperative patent classification,cooperative patent classification,dimension_name,high,Predominantly appears as a descriptive table header.,1,1,1,0,0,0,0,0,0,0,0,0,False,False,header,Cooperative patent classification
Country of origin,country of origin,dimension_name,high,Predominantly appears as a descriptive table header.,1,1,1,0,0,0,0,0,0,0,0,0,False,False,header,Country of origin
Data source,data source,dimension_name,high,Predominantly appears as a descriptive table header.,1,1,1,0,0,0,0,0,0,0,0,0,False,False,header,Data source
diagnose,diagnose,dimension_name,high,Predominantly appears as a descriptive table header.,1,1,1,0,0,0,0,0,0,0,0,0,False,False,header,diagnose
Earnings case,earnings case,dimension_name,high,Predominantly appears as a descriptive table header.,1,1,1,0,0,0,0,0,0,0,0,0,False,False,header,Earnings case
Employment status in the second job,employment status in the second job,dimension_name,high,Predominantly appears as a descriptive table header.,1,1,1,0,0,0,0,0,0,0,0,0,False,True,header,Employment status in the second job
Energy indicator,energy indicator,dimension_name,high,Predominantly appears as a descriptive table header.,1,1,1,0,0,0,0,0,0,0,0,0,False,False,header,Energy indicator
Energy market indicator,energy market indicator,dimension_name,high,Predominantly appears as a descriptive table header.,1,1,1,0,0,0,0,0,0,0,0,0,False,False,header,Energy market indicator
Financial source,financial source,dimension_name,high,Predominantly appears as a descriptive table header.,1,1,1,0,0,0,0,0,0,0,0,0,False,False,header,Financial source
Fishing regions,fishing regions,dimension_name,high,Predominantly appears as a descriptive table header.,1,1,1,0,0,0,0,0,0,0,0,0,False,False,header,Fishing regions
Health facility,health facility,dimension_name,high,Predominantly appears as a descriptive table header.,1,1,1,0,0,0,0,0,0,0,0,0,False,False,header,Health facility
indic_env\TIME_PERIOD,indic_env\time_period,dimension_name,high,Predominantly appears as a descriptive table header.,1,1,1,0,0,0,0,0,0,0,0,0,False,False,header,indic_env\TIME_PERIOD
International Classification of Diseases (Medical procedures),international classification of diseases (medical procedures),dimension_name,high,Predominantly appears as a descriptive table header.,1,1,1,0,0,0,0,0,0,0,0,0,False,False,header,International Classification of Diseases (Medical procedures)
Internet speed,internet speed,dimension_name,high,Predominantly appears as a descriptive table header.,1,1,1,0,0,0,0,0,0,0,0,0,False,False,header,Internet speed
Legal form,legal form,dimension_name,high,Predominantly appears as a descriptive table header.,1,1,1,0,0,0,0,0,0,0,0,0,False,False,header,Legal form
Monetary value by size class,monetary value by size class,dimension_name,high,Predominantly appears as a descriptive table header.,1,1,1,0,0,0,0,0,0,0,0,0,False,False,header,Monetary value by size class
n_design,n_design,dimension_name,high,Predominantly appears as a descriptive table header.,1,1,1,0,0,0,0,0,0,0,0,0,False,False,header,n_design
n_vehicl,n_vehicl,dimension_name,high,Predominantly appears as a descriptive table header.,1,1,1,0,0,0,0,0,0,0,0,0,False,False,header,n_vehicl
National and international organizations and institutions,national and international organizations and institutions,dimension_name,high,Predominantly appears as a descriptive table header.,1,1,1,0,0,0,0,0,0,0,0,0,False,False,header,National and international organizations and institutions
Nature of the trademark,nature of the trademark,dimension_name,high,Predominantly appears as a descriptive table header.,1,1,1,0,0,0,0,0,0,0,0,0,False,False,header,Nature of the trademark
Number of children,number of children,dimension_name,high,Predominantly appears as a descriptive table header.,1,1,1,0,0,0,0,0,0,0,0,0,False,True,header,Number of children
Number of tracks,number of tracks,dimension_name,high,Predominantly appears as a descriptive table header.,1,1,1,0,0,0,0,0,0,0,0,0,False,True,header,Number of tracks
Operator/Trader,operator/trader,dimension_name,high,Predominantly appears as a descriptive table header.,1,1,1,0,0,0,0,0,0,0,0,0,False,False,header,Operator/Trader
Other gainful activity of the spouse,other gainful activity of the spouse,dimension_name,high,Predominantly appears as a descriptive table header.,1,1,1,0,0,0,0,0,0,0,0,0,False,False,header,Other gainful activity of the spouse
Part of body injured,part of body injured,dimension_name,high,Predominantly appears as a descriptive table header.,1,1,1,0,0,0,0,0,0,0,0,0,False,False,header,Part of body injured
Plant capacity,plant capacity,dimension_name,high,Predominantly appears as a descriptive table header.,1,1,1,0,0,0,0,0,0,0,0,0,False,False,header,Plant capacity
Port infrastructure,port infrastructure,dimension_name,high,Predominantly appears as a descriptive table header.,1,1,1,0,0,0,0,0,0,0,0,0,False,False,header,Port infrastructure
Receipt type,receipt type,dimension_name,high,Predominantly appears as a descriptive table header.,1,1,1,0,0,0,0,0,0,0,0,0,False,False,header,Receipt type
Reporting airport,reporting airport,dimension_name,high,Predominantly appears as a descriptive table header.,1,1,1,0,0,0,0,0,0,0,0,0,False,False,header,Reporting airport
Size classes in number of members,size classes in number of members,dimension_name,high,Predominantly appears as a descriptive table header.,1,1,1,0,0,0,0,0,0,0,0,0,False,True,header,Size classes in number of members
Size of tourism establishments by number of rooms,size of tourism establishments by number of rooms,dimension_name,high,Predominantly appears as a descriptive table header.,1,1,1,0,0,0,0,0,0,0,0,0,False,True,header,Size of tourism establishments by number of rooms
Source of funds,source of funds,dimension_name,high,Predominantly appears as a descriptive table header.,1,1,1,0,0,0,0,0,0,0,0,0,False,False,header,Source of funds
Source sectors for air emissions,source sectors for air emissions,dimension_name,high,Predominantly appears as a descriptive table header.,1,1,1,0,0,0,0,0,0,0,0,0,False,True,header,Source sectors for air emissions
"Source sectors for emissions of air pollutants (Nomenclature for reporting, CLRTAP)","source sectors for emissions of air pollutants (nomenclature for reporting, clrtap)",dimension_name,high,Predominantly appears as a descriptive table header.,1,1,1,0,0,0,0,0,0,0,0,0,False,True,header,"Source sectors for emissions of air pollutants (Nomenclature for reporting, CLRTAP)"
"Source sectors for greenhouse gas emissions (Common reporting format, UNFCCC)","source sectors for greenhouse gas emissions (common reporting format, unfccc)",dimension_name,high,Predominantly appears as a descriptive table header.,1,1,1,0,0,0,0,0,0,0,0,0,False,True,header,"Source sectors for greenhouse gas emissions (Common reporting format, UNFCCC)"
Statistical Classification of Products by Activity (CPA 2.1),statistical classification of products by activity (cpa 2.1),dimension_name,high,Predominantly appears as a descriptive table header.,1,1,1,0,0,0,0,0,0,0,0,0,False,False,header,Statistical Classification of Products by Activity (CPA 2.1)
Technical characteristics of plants,technical characteristics of plants,dimension_name,high,Predominantly appears as a descriptive table header.,1,1,1,0,0,0,0,0,0,0,0,0,False,False,header,Technical characteristics of plants
Transition from the previous year situation,transition from the previous year situation,dimension_name,high,Predominantly appears as a descriptive table header.,1,1,1,0,0,0,0,0,0,0,0,0,False,False,header,Transition from the previous year situation
Type of consignment,type of consignment,dimension_name,high,Predominantly appears as a descriptive table header.,1,1,1,0,0,0,0,0,0,0,0,0,False,False,header,Type of consignment
Type of level crossing,type of level crossing,dimension_name,high,Predominantly appears as a descriptive table header.,1,1,1,0,0,0,0,0,0,0,0,0,False,False,header,Type of level crossing
Type of mortality,type of mortality,dimension_name,high,Predominantly appears as a descriptive table header.,1,1,1,0,0,0,0,0,0,0,0,0,False,True,header,Type of mortality
Type of operation and loading status,type of operation and loading status,dimension_name,high,Predominantly appears as a descriptive table header.,1,1,1,0,0,0,0,0,0,0,0,0,False,True,header,Type of operation and loading status
Type of return,type of return,dimension_name,high,Predominantly appears as a descriptive table header.,1,1,1,0,0,0,0,0,0,0,0,0,False,False,header,Type of return
Type of seat/berth,type of seat/berth,dimension_name,high,Predominantly appears as a descriptive table header.,1,1,1,0,0,0,0,0,0,0,0,0,False,False,header,Type of seat/berth
Type of withdrawal,type of withdrawal,dimension_name,high,Predominantly appears as a descriptive table header.,1,1,1,0,0,0,0,0,0,0,0,0,False,False,header,Type of withdrawal
Usage of the trademark,usage of the trademark,dimension_name,high,Predominantly appears as a descriptive table header.,1,1,1,0,0,0,0,0,0,0,0,0,False,False,header,Usage of the trademark
Wastewater treatment plant parameters,wastewater treatment plant parameters,dimension_name,high,Predominantly appears as a descriptive table header.,1,1,1,0,0,0,0,0,0,0,0,0,False,False,header,Wastewater treatment plant parameters
Workstation,workstation,dimension_name,high,Predominantly appears as a descriptive table header.,1,1,1,0,0,0,0,0,0,0,0,0,False,False,header,Workstation
