term,normalized_term,category,confidence,reason,table_count,total_occurrences,header_table_count,title_table_count,cell_table_count,unit_context_table_count,measure_context_table_count,generic_context_table_count,unit_only_table_count,measure_only_table_count,generic_only_table_count,mixed_context_table_count,unit_lexical_match,measure_lexical_match,sources,columns
Percentage,percentage,unit,high,Matches a unit pattern and appears exclusively in unit columns.,555,110931,0,0,555,555,0,1,554,0,0,1,True,False,cell,Categorisation of active substances for harmonised risk indicator|Geopolitical entity (reporting)|Unit of measure
Number,number,unit,high,Predominantly appears exclusively in unit columns.,268,57251,0,0,268,268,0,1,267,0,0,1,False,False,cell,Categorisation of active substances for harmonised risk indicator|Geopolitical entity (reporting)|Unit of measure
Percentage of gross domestic product (GDP),percentage of gross domestic product (gdp),unit,high,Matches a unit pattern and appears exclusively in unit columns.,72,3134,0,0,72,71,0,1,71,0,1,0,True,True,cell,Categorisation of active substances for harmonised risk indicator|Unit of measure
Thousand tonnes,thousand tonnes,unit,high,Matches a unit pattern and appears exclusively in unit columns.,67,3521,0,0,67,67,0,1,66,0,0,1,True,False,cell,Categorisation of active substances for harmonised risk indicator|Unit of measure
Rate,rate,unit,high,Predominantly appears exclusively in unit columns.,58,6880,0,0,58,58,0,1,57,0,0,1,False,True,cell,Categorisation of active substances for harmonised risk indicator|Unit of measure
Euro,euro,unit,high,Matches a unit pattern and appears exclusively in unit columns.,53,11343,0,0,53,53,0,1,52,0,0,1,True,False,cell,Categorisation of active substances for harmonised risk indicator|Currency|Geopolitical entity (reporting)|Unit of measure
Thousand,thousand,unit,high,Predominantly appears exclusively in unit columns.,51,7742,0,0,51,51,0,1,50,0,0,1,False,False,cell,Categorisation of active substances for harmonised risk indicator|Geopolitical entity (reporting)|Unit of measure
Million euro,million euro,unit,high,Matches a unit pattern and appears exclusively in unit columns.,45,2821,0,0,45,45,0,1,44,0,0,1,True,False,cell,Categorisation of active substances for harmonised risk indicator|Currency|Geopolitical entity (reporting)|Unit of measure
"Index, 2015=100","index, 2015=100",unit,high,Matches a unit pattern and appears exclusively in unit columns.,40,1448,0,0,40,39,0,1,39,0,1,0,True,False,cell,Categorisation of active substances for harmonised risk indicator|Unit of measure
Million units of national currency,million units of national currency,unit,high,Matches a unit pattern and appears exclusively in unit columns.,31,1577,0,0,31,30,0,1,30,0,1,0,True,False,cell,Categorisation of active substances for harmonised risk indicator|Currency|Unit of measure
Person,person,unit,high,Predominantly appears exclusively in unit columns.,30,3960,0,0,30,29,0,1,29,0,1,0,False,False,cell,Categorisation of active substances for harmonised risk indicator|Unit of measure
Percentage change m/m-12 (NSA),percentage change m/m-12 (nsa),unit,high,Matches a unit pattern and appears exclusively in unit columns.,30,435,0,0,30,30,0,0,30,0,0,0,True,False,cell,Unit of measure
Thousand persons,thousand persons,unit,high,Predominantly appears exclusively in unit columns.,28,3443,0,0,28,28,0,1,27,0,0,1,False,False,cell,Categorisation of active substances for harmonised risk indicator|Geopolitical entity (reporting)|Unit of measure
Per hundred thousand inhabitants,per hundred thousand inhabitants,unit,high,Predominantly appears exclusively in unit columns.,26,3594,0,0,26,26,0,1,25,0,0,1,False,False,cell,Categorisation of active substances for harmonised risk indicator|Geopolitical entity (reporting)|Unit of measure
"Index, 2021=100 (SCA)","index, 2021=100 (sca)",unit,high,Matches a unit pattern and appears exclusively in unit columns.,24,1011,0,0,24,24,0,0,24,0,0,0,True,False,cell,Unit of measure
Growth rate on previous period (t/t-1),growth rate on previous period (t/t-1),unit,high,Predominantly appears exclusively in unit columns.,24,852,0,0,24,24,0,0,24,0,0,0,False,True,cell,Unit of measure
Percentage of individuals,percentage of individuals,unit,high,Matches a unit pattern and appears exclusively in unit columns.,22,2489,0,0,22,22,0,1,21,0,0,1,True,True,cell,Categorisation of active substances for harmonised risk indicator|Geopolitical entity (reporting)|Unit of measure
Percentage change m/m-1,percentage change m/m-1,unit,high,Matches a unit pattern and appears exclusively in unit columns.,22,915,0,0,22,22,0,0,22,0,0,0,True,False,cell,Unit of measure
Percentage change m/m-12,percentage change m/m-12,unit,high,Matches a unit pattern and appears exclusively in unit columns.,22,915,0,0,22,22,0,0,22,0,0,0,True,False,cell,Unit of measure
Percentage change m/m-1 (SCA),percentage change m/m-1 (sca),unit,high,Matches a unit pattern and appears exclusively in unit columns.,22,794,0,0,22,22,0,0,22,0,0,0,True,False,cell,Unit of measure
Million tonne-kilometre (TKM),million tonne-kilometre (tkm),unit,high,Matches a unit pattern and appears exclusively in unit columns.,21,1167,0,0,21,20,0,1,20,0,1,0,True,False,cell,Categorisation of active substances for harmonised risk indicator|Unit of measure
Percentage change m/m-12 (CA),percentage change m/m-12 (ca),unit,high,Matches a unit pattern and appears exclusively in unit columns.,21,776,0,0,21,21,0,0,21,0,0,0,True,False,cell,Unit of measure
Percentage of total population,percentage of total population,unit,high,Matches a unit pattern and appears exclusively in unit columns.,20,2349,0,0,20,19,0,1,19,0,1,0,True,True,cell,Categorisation of active substances for harmonised risk indicator|Geopolitical entity (reporting)|Unit of measure
Million euro (SCA),million euro (sca),unit,high,Matches a unit pattern and appears exclusively in unit columns.,20,710,0,0,20,20,0,0,20,0,0,0,True,False,cell,Unit of measure
Kilometre,kilometre,unit,high,Matches a unit pattern and appears exclusively in unit columns.,19,1323,0,0,19,18,0,1,18,0,1,0,True,False,cell,Categorisation of active substances for harmonised risk indicator|Unit of measure
Percentage of total,percentage of total,unit,high,Matches a unit pattern and appears exclusively in unit columns.,19,945,0,0,19,19,0,1,18,0,0,1,True,True,cell,Categorisation of active substances for harmonised risk indicator|Geopolitical entity (reporting)|Unit of measure
Year,year,unit,high,Predominantly appears exclusively in unit columns.,18,3297,0,0,18,18,0,1,17,0,0,1,False,False,cell,Categorisation of active substances for harmonised risk indicator|Unit of measure
Hour,hour,unit,high,Predominantly appears exclusively in unit columns.,17,5138,0,0,17,17,0,0,17,0,0,0,False,False,cell,Unit of measure
National currency,national currency,unit,high,Matches a unit pattern and appears exclusively in unit columns.,17,2523,0,0,17,17,0,1,16,0,0,1,True,False,cell,Categorisation of active substances for harmonised risk indicator|Currency|Geopolitical entity (reporting)|Unit of measure
Percentage change q/q-4 (NSA),percentage change q/q-4 (nsa),unit,high,Matches a unit pattern and appears exclusively in unit columns.,17,678,0,0,17,17,0,0,17,0,0,0,True,False,cell,Unit of measure
Percentage change q/q-1 (SCA),percentage change q/q-1 (sca),unit,high,Matches a unit pattern and appears exclusively in unit columns.,17,629,0,0,17,17,0,0,17,0,0,0,True,False,cell,Unit of measure
Percentage change q/q-4 (SCA),percentage change q/q-4 (sca),unit,high,Matches a unit pattern and appears exclusively in unit columns.,16,594,0,0,16,16,0,0,16,0,0,0,True,False,cell,Unit of measure
Index,index,unit,high,Predominantly appears exclusively in unit columns.,15,1350,0,0,15,15,0,0,15,0,0,0,False,False,cell,Unit of measure
Percentage change m/m-1 (NSA),percentage change m/m-1 (nsa),unit,high,Matches a unit pattern and appears exclusively in unit columns.,15,389,0,0,15,15,0,0,15,0,0,0,True,False,cell,Unit of measure
Trade value in million euro (SA),trade value in million euro (sa),unit,high,Matches a unit pattern and appears exclusively in unit columns.,15,30,0,0,15,15,0,0,15,0,0,0,True,False,cell,Unit of measure
Percentage change m/m-1 (SA),percentage change m/m-1 (sa),unit,high,Matches a unit pattern and appears exclusively in unit columns.,14,28,0,0,14,14,0,0,14,0,0,0,True,False,cell,Unit of measure
Percentage of population in the labour force,percentage of population in the labour force,unit,high,Matches a unit pattern and appears exclusively in unit columns.,13,1084,0,0,13,13,0,0,13,0,0,0,True,True,cell,Unit of measure
Million euro (NSA),million euro (nsa),unit,high,Matches a unit pattern and appears exclusively in unit columns.,13,513,0,0,13,13,0,0,13,0,0,0,True,False,cell,Unit of measure
Square kilometre,square kilometre,unit,high,Matches a unit pattern and appears exclusively in unit columns.,13,444,0,0,13,13,0,1,12,0,0,1,True,False,cell,Categorisation of active substances for harmonised risk indicator|Geopolitical entity (reporting)|Unit of measure
"Index, 2021=100 (NSA)","index, 2021=100 (nsa)",unit,high,Matches a unit pattern and appears exclusively in unit columns.,13,385,0,0,13,13,0,0,13,0,0,0,True,False,cell,Unit of measure
Percentage of households,percentage of households,unit,high,Matches a unit pattern and appears exclusively in unit columns.,12,3066,0,0,12,12,0,1,11,0,0,1,True,True,cell,Categorisation of active substances for harmonised risk indicator|Unit of measure
MIO_EUR,mio_eur,unit,high,Predominantly appears exclusively in unit columns.,12,1576,0,0,12,12,0,0,12,0,0,0,False,False,cell,unit
Percentage of total employment,percentage of total employment,unit,high,Matches a unit pattern and appears exclusively in unit columns.,12,869,0,0,12,12,0,1,11,0,0,1,True,True,cell,Geopolitical entity (reporting)|Unit of measure
PC,pc,unit,high,Predominantly appears exclusively in unit columns.,11,2800,0,0,11,11,0,1,10,0,0,1,False,False,cell,Geopolitical entity (reporting)|Unit of measure|unit
Percentage of disposable income,percentage of disposable income,unit,high,Matches a unit pattern and appears exclusively in unit columns.,10,3554,0,0,10,10,0,0,10,0,0,0,True,True,cell,Unit of measure
Time spent (hh:mm),time spent (hh:mm),unit,high,Matches a unit pattern and appears exclusively in unit columns.,10,892,0,0,10,9,0,1,9,0,1,0,True,False,cell,Categorisation of active substances for harmonised risk indicator|Unit of measure
Tonne,tonne,unit,high,Matches a unit pattern and appears exclusively in unit columns.,10,728,0,0,10,10,0,0,10,0,0,0,True,False,cell,Unit of measure
Ratio,ratio,unit,high,Predominantly appears exclusively in unit columns.,10,549,0,0,10,10,0,0,10,0,0,0,False,True,cell,Unit of measure
"Current prices, million euro","current prices, million euro",unit,high,Matches a unit pattern and appears exclusively in unit columns.,10,399,0,0,10,10,0,0,10,0,0,0,True,True,cell,Unit of measure
"Index, 2000=100","index, 2000=100",unit,high,Matches a unit pattern and appears exclusively in unit columns.,10,319,0,0,10,10,0,0,10,0,0,0,True,False,cell,Unit of measure
Growth rate on the same quarter in previous year,growth rate on the same quarter in previous year,unit,high,Predominantly appears exclusively in unit columns.,10,101,0,0,10,10,0,0,10,0,0,0,False,True,cell,Unit of measure
Rolling 4-quarter growth rate,rolling 4-quarter growth rate,unit,high,Predominantly appears exclusively in unit columns.,10,101,0,0,10,10,0,0,10,0,0,0,False,True,cell,Unit of measure
Participation rate (%),participation rate (%),unit,high,Predominantly appears exclusively in unit columns.,9,836,0,0,9,8,0,1,8,0,1,0,False,True,cell,Categorisation of active substances for harmonised risk indicator|Unit of measure
Participation time (hh:mm),participation time (hh:mm),unit,high,Matches a unit pattern and appears exclusively in unit columns.,9,836,0,0,9,8,0,1,8,0,1,0,True,False,cell,Categorisation of active substances for harmonised risk indicator|Unit of measure
Million cubic metres,million cubic metres,unit,high,Matches a unit pattern and appears exclusively in unit columns.,9,723,0,0,9,8,0,1,8,0,1,0,True,False,cell,Categorisation of active substances for harmonised risk indicator|Unit of measure
Millions of passenger-kilometres,millions of passenger-kilometres,unit,high,Matches a unit pattern and appears exclusively in unit columns.,9,549,0,0,9,9,0,0,9,0,0,0,True,False,cell,Unit of measure
Thousand heads (animals),thousand heads (animals),unit,high,Predominantly appears exclusively in unit columns.,9,364,0,0,9,9,0,0,9,0,0,0,False,False,cell,Unit of measure
Percentage point change (t-(t-3)),percentage point change (t-(t-3)),unit,high,Matches a unit pattern and appears exclusively in unit columns.,9,319,0,0,9,9,0,1,8,0,0,1,True,False,cell,Geopolitical entity (reporting)|Unit of measure
Percentage change (t/t-1),percentage change (t/t-1),unit,high,Matches a unit pattern and appears exclusively in unit columns.,9,249,0,0,9,9,0,0,9,0,0,0,True,False,cell,Unit of measure
Trade balance in million ECU/EURO,trade balance in million ecu/euro,unit,medium,Matches a unit pattern but appears in a mixed context.,9,170,0,0,9,0,9,0,0,9,0,0,True,False,cell,External trade indicator
Per million inhabitants,per million inhabitants,unit,high,Predominantly appears exclusively in unit columns.,8,1191,0,0,8,8,0,0,8,0,0,0,False,False,cell,Unit of measure
Rating (0-10),rating (0-10),unit,high,Predominantly appears exclusively in unit columns.,8,878,0,0,8,8,0,0,8,0,0,0,False,False,cell,Unit of measure
Kilograms per capita,kilograms per capita,unit,high,Matches a unit pattern and appears exclusively in unit columns.,8,328,0,0,8,8,0,0,8,0,0,0,True,False,cell,Unit of measure
Exports in million of ECU/EURO,exports in million of ecu/euro,unit,medium,Matches a unit pattern but appears in a mixed context.,8,141,0,0,8,0,8,0,0,8,0,0,True,False,cell,External trade indicator
Imports in million of ECU/EURO,imports in million of ecu/euro,unit,medium,Matches a unit pattern but appears in a mixed context.,8,141,0,0,8,0,8,0,0,8,0,0,True,False,cell,External trade indicator
Sum of the last 4 quarters (in thousand tonnes),sum of the last 4 quarters (in thousand tonnes),unit,high,Matches a unit pattern and appears exclusively in unit columns.,8,85,0,0,8,8,0,0,8,0,0,0,True,False,cell,Unit of measure
Hectare,hectare,unit,high,Matches a unit pattern and appears exclusively in unit columns.,7,3334,0,0,7,7,0,1,6,0,0,1,True,False,cell,Geopolitical entity (reporting)|Unit of measure
Purchasing power standard (PPS),purchasing power standard (pps),unit,high,Matches a unit pattern and appears exclusively in unit columns.,7,1643,0,0,7,7,0,1,6,0,0,1,True,False,cell,Geopolitical entity (reporting)|Unit of measure
Thousand tonnes of oil equivalent,thousand tonnes of oil equivalent,unit,high,Matches a unit pattern and appears exclusively in unit columns.,7,286,0,0,7,6,0,1,6,0,1,0,True,False,cell,Geopolitical entity (reporting)|Unit of measure
Annual average rate of change,annual average rate of change,unit,high,Predominantly appears exclusively in unit columns.,7,216,0,0,7,7,0,0,7,0,0,0,False,True,cell,Unit of measure
Percentage change (t/t-3),percentage change (t/t-3),unit,high,Matches a unit pattern and appears exclusively in unit columns.,7,197,0,0,7,7,0,0,7,0,0,0,True,False,cell,Unit of measure
NR,nr,unit,high,Predominantly appears exclusively in unit columns.,6,1204,0,0,6,6,0,0,6,0,0,0,False,False,cell,Unit of measure|unit
Thousand hectares,thousand hectares,unit,high,Matches a unit pattern and appears exclusively in unit columns.,6,799,0,0,6,5,0,1,5,0,1,0,True,False,cell,Categorisation of active substances for harmonised risk indicator|Unit of measure
"Current prices, million units of national currency","current prices, million units of national currency",unit,high,Matches a unit pattern and appears exclusively in unit columns.,6,132,0,0,6,6,0,0,6,0,0,0,True,True,cell,Unit of measure
Per thousand inhabitants,per thousand inhabitants,unit,high,Predominantly appears exclusively in unit columns.,5,818,0,0,5,4,0,1,4,0,1,0,False,False,cell,Categorisation of active substances for harmonised risk indicator|Unit of measure
Thousand passengers,thousand passengers,unit,high,Predominantly appears exclusively in unit columns.,5,402,0,0,5,5,0,0,5,0,0,0,False,False,cell,Unit of measure
Number per inhabitant,number per inhabitant,unit,high,Predominantly appears exclusively in unit columns.,5,305,0,0,5,5,0,0,5,0,0,0,False,False,cell,Unit of measure
Percentage change on previous period,percentage change on previous period,unit,high,Matches a unit pattern and appears exclusively in unit columns.,5,150,0,0,5,5,0,0,5,0,0,0,True,False,cell,Unit of measure
TLW,tlw,unit,high,Predominantly appears exclusively in unit columns.,4,333,0,0,4,4,0,0,4,0,0,0,False,False,cell,unit
Tonnes live weight,tonnes live weight,unit,high,Matches a unit pattern and appears exclusively in unit columns.,4,321,0,0,4,4,0,0,4,0,0,0,True,False,cell,Unit of measure
Percentage of total expenditure,percentage of total expenditure,unit,high,Matches a unit pattern and appears exclusively in unit columns.,4,238,0,0,4,4,0,0,4,0,0,0,True,True,cell,Unit of measure
Percentual share of total current health expenditure (CHE),percentual share of total current health expenditure (che),unit,high,Predominantly appears exclusively in unit columns.,4,210,0,0,4,3,0,1,3,0,1,0,False,True,cell,Categorisation of active substances for harmonised risk indicator|Unit of measure
Euro per inhabitant,euro per inhabitant,unit,high,Matches a unit pattern and appears exclusively in unit columns.,4,206,0,0,4,3,0,1,3,0,1,0,True,False,cell,Categorisation of active substances for harmonised risk indicator|Unit of measure
Thousand twenty-foot equivalent unit (TEU),thousand twenty-foot equivalent unit (teu),unit,high,Predominantly appears exclusively in unit columns.,4,201,0,0,4,4,0,0,4,0,0,0,False,False,cell,Unit of measure
"Percentage of EU27 (from 2020) total (based on million purchasing power standards), current prices","percentage of eu27 (from 2020) total (based on million purchasing power standards), current prices",unit,high,Matches a unit pattern and appears exclusively in unit columns.,4,156,0,0,4,3,0,1,3,0,1,0,True,True,cell,Categorisation of active substances for harmonised risk indicator|Unit of measure
Bedplaces,bedplaces,unit,high,Predominantly appears exclusively in unit columns.,4,130,0,0,4,3,0,1,3,0,1,0,False,False,cell,Accommodation unit|Mode of accommodation
Tonnes per capita,tonnes per capita,unit,high,Matches a unit pattern and appears exclusively in unit columns.,4,129,0,0,4,4,0,0,4,0,0,0,True,False,cell,Unit of measure
Thousand tonne-kilometre (TKM),thousand tonne-kilometre (tkm),unit,high,Matches a unit pattern and appears exclusively in unit columns.,4,128,0,0,4,3,0,1,3,0,1,0,True,False,cell,Categorisation of active substances for harmonised risk indicator|Unit of measure
"Chain linked volumes, percentage change on previous period","chain linked volumes, percentage change on previous period",unit,high,Matches a unit pattern and appears exclusively in unit columns.,4,85,0,0,4,4,0,0,4,0,0,0,True,False,cell,Unit of measure
Currency and deposits,currency and deposits,unit,high,Matches a unit pattern and appears exclusively in unit columns.,4,35,0,0,4,1,0,3,1,0,3,0,True,False,cell,National accounts indicator (ESA 2010)|Unit of measure
Cadca - St. Hr. (Km 286. 5 ),cadca - st. hr. (km 286. 5 ),unit,medium,Matches a unit pattern but appears in a mixed context.,4,18,0,0,4,1,0,4,0,0,3,1,True,False,cell,Categorisation of active substances for harmonised risk indicator|Rail network Segment (2015)|Rail network segment (2010)|Rail network segment (2020)|Unit of measure
St. Hr. (Km 286. 5 ) - Cadca,st. hr. (km 286. 5 ) - cadca,unit,medium,Matches a unit pattern but appears in a mixed context.,4,18,0,0,4,1,0,4,0,0,3,1,True,False,cell,Categorisation of active substances for harmonised risk indicator|Rail network Segment (2015)|Rail network segment (2010)|Rail network segment (2020)|Unit of measure
Cubic metres per inhabitant,cubic metres per inhabitant,unit,high,Matches a unit pattern and appears exclusively in unit columns.,3,456,0,0,3,2,0,1,2,0,1,0,True,False,cell,Categorisation of active substances for harmonised risk indicator|Unit of measure
Percentage of women,percentage of women,unit,high,Matches a unit pattern and appears exclusively in unit columns.,3,440,0,0,3,3,0,0,3,0,0,0,True,True,cell,Unit of measure
Purchasing power standard (PPS) per inhabitant,purchasing power standard (pps) per inhabitant,unit,high,Matches a unit pattern and appears exclusively in unit columns.,3,430,0,0,3,2,0,1,2,0,1,0,True,False,cell,Categorisation of active substances for harmonised risk indicator|Unit of measure
Passenger,passenger,unit,high,Predominantly appears exclusively in unit columns.,3,247,0,0,3,3,0,0,3,0,0,0,False,False,cell,Unit of measure
400 trees per hectare or over,400 trees per hectare or over,unit,medium,Matches a unit pattern but appears in a mixed context.,3,246,0,0,3,0,0,3,0,0,3,0,True,False,cell,Categorisation of active substances for harmonised risk indicator|Plantation density
1 500 kg or over,1 500 kg or over,unit,high,Matches a unit pattern and appears exclusively in unit columns.,3,212,0,0,3,1,0,2,1,0,2,0,True,False,cell,Unit of measure|Weight
EUR,eur,unit,high,Predominantly appears exclusively in unit columns.,3,191,0,0,3,3,0,0,3,0,0,0,False,False,cell,currency|unit
Thousand cubic metres,thousand cubic metres,unit,high,Matches a unit pattern and appears exclusively in unit columns.,3,174,0,0,3,3,0,1,2,0,0,1,True,False,cell,Categorisation of active substances for harmonised risk indicator|Unit of measure
Percentage of persons employed and previously employed within 12 months,percentage of persons employed and previously employed within 12 months,unit,high,Matches a unit pattern and appears exclusively in unit columns.,3,168,0,0,3,2,0,1,2,0,1,0,True,True,cell,Categorisation of active substances for harmonised risk indicator|Unit of measure
Square metres per capita,square metres per capita,unit,high,Matches a unit pattern and appears exclusively in unit columns.,3,128,0,0,3,2,0,1,2,0,1,0,True,False,cell,Categorisation of active substances for harmonised risk indicator|Unit of measure
"Index, 2012=100","index, 2012=100",unit,high,Matches a unit pattern and appears exclusively in unit columns.,3,116,0,0,3,2,0,1,2,0,1,0,True,False,cell,Categorisation of active substances for harmonised risk indicator|Unit of measure
Percentage of government expenditure,percentage of government expenditure,unit,high,Matches a unit pattern and appears exclusively in unit columns.,3,115,0,0,3,2,0,1,2,0,1,0,True,True,cell,Categorisation of active substances for harmonised risk indicator|Unit of measure
"Current prices, euro per capita","current prices, euro per capita",unit,high,Matches a unit pattern and appears exclusively in unit columns.,3,112,0,0,3,3,0,0,3,0,0,0,True,True,cell,Unit of measure
Percentage of total utilised agricultural area,percentage of total utilised agricultural area,unit,high,Matches a unit pattern and appears exclusively in unit columns.,3,99,0,0,3,2,0,1,2,0,1,0,True,True,cell,Categorisation of active substances for harmonised risk indicator|Unit of measure
"Quarterly index, 2015=100","quarterly index, 2015=100",unit,high,Matches a unit pattern and appears exclusively in unit columns.,3,99,0,0,3,3,0,0,3,0,0,0,True,False,cell,Unit of measure
"Annual average index, 2015=100","annual average index, 2015=100",unit,high,Matches a unit pattern and appears exclusively in unit columns.,3,98,0,0,3,3,0,0,3,0,0,0,True,True,cell,Unit of measure
"Index, 2009=100","index, 2009=100",unit,high,Matches a unit pattern and appears exclusively in unit columns.,3,96,0,0,3,2,0,1,2,0,1,0,True,False,cell,Categorisation of active substances for harmonised risk indicator|Unit of measure
Percentage change on previous period (based on persons),percentage change on previous period (based on persons),unit,high,Matches a unit pattern and appears exclusively in unit columns.,3,95,0,0,3,3,0,0,3,0,0,0,True,False,cell,Unit of measure
Persons per square kilometre,persons per square kilometre,unit,high,Matches a unit pattern and appears exclusively in unit columns.,3,85,0,0,3,2,0,1,2,0,1,0,True,False,cell,Categorisation of active substances for harmonised risk indicator|Unit of measure
"Country weights for the euro area (EA11-1999, EA12-2001, EA13-2007, EA15-2008, EA16-2009, EA17-2011, EA18-2014, EA19-2015, EA20-2023)","country weights for the euro area (ea11-1999, ea12-2001, ea13-2007, ea15-2008, ea16-2009, ea17-2011, ea18-2014, ea19-2015, ea20-2023)",unit,medium,Matches a unit pattern but appears in a mixed context.,3,79,0,0,3,0,2,1,0,2,1,0,True,False,cell,Categorisation of active substances for harmonised risk indicator|Statistical information
Milligrams per litre,milligrams per litre,unit,high,Matches a unit pattern and appears exclusively in unit columns.,3,66,0,0,3,3,0,0,3,0,0,0,True,False,cell,Unit of measure
Annual average index,annual average index,unit,high,Predominantly appears exclusively in unit columns.,3,56,0,0,3,3,0,0,3,0,0,0,False,True,cell,Unit of measure
"Index, 2015=100 (NSA)","index, 2015=100 (nsa)",unit,high,Matches a unit pattern and appears exclusively in unit columns.,3,38,0,0,3,3,0,0,3,0,0,0,True,False,cell,Unit of measure
Million tonnes,million tonnes,unit,high,Matches a unit pattern and appears exclusively in unit columns.,3,35,0,0,3,3,0,0,3,0,0,0,True,False,cell,Unit of measure
Tonnes product weight,tonnes product weight,unit,high,Matches a unit pattern and appears exclusively in unit columns.,2,492,0,0,2,2,0,0,2,0,0,0,True,False,cell,Unit of measure
PPS_AE,pps_ae,unit,high,Matches a unit pattern and appears exclusively in unit columns.,2,458,0,0,2,2,0,0,2,0,0,0,True,False,cell,Unit of measure|unit
PPS_HH,pps_hh,unit,high,Matches a unit pattern and appears exclusively in unit columns.,2,458,0,0,2,2,0,0,2,0,0,0,True,False,cell,Unit of measure|unit
Square metre,square metre,unit,high,Matches a unit pattern and appears exclusively in unit columns.,2,432,0,0,2,2,0,0,2,0,0,0,True,False,cell,Unit of measure
Kilogram,kilogram,unit,high,Matches a unit pattern and appears exclusively in unit columns.,2,360,0,0,2,2,0,0,2,0,0,0,True,False,cell,Unit of measure
Head count,head count,unit,high,Predominantly appears exclusively in unit columns.,2,344,0,0,2,2,0,0,2,0,0,0,False,False,cell,Unit of measure
PER,per,unit,high,Predominantly appears exclusively in unit columns.,2,336,0,0,2,2,0,0,2,0,0,0,False,False,cell,Unit of measure|unit
Thousand TEU-kilometres,thousand teu-kilometres,unit,high,Matches a unit pattern and appears exclusively in unit columns.,2,288,0,0,2,1,0,1,1,0,1,0,True,False,cell,Categorisation of active substances for harmonised risk indicator|Unit of measure
Change in stock of goods - million euro,change in stock of goods - million euro,unit,high,Matches a unit pattern and appears exclusively in unit columns.,2,256,0,0,2,1,1,0,1,1,0,0,True,False,cell,Economical indicator for structural business statistics|Unit of measure
Change in stock of goods for resale - million euro,change in stock of goods for resale - million euro,unit,high,Matches a unit pattern and appears exclusively in unit columns.,2,240,0,0,2,1,1,0,1,1,0,0,True,False,cell,Economical indicator for structural business statistics|Unit of measure
THS,ths,unit,high,Predominantly appears exclusively in unit columns.,2,230,0,0,2,2,0,0,2,0,0,0,False,False,cell,Unit of measure|unit
Thousand train-kilometres,thousand train-kilometres,unit,high,Matches a unit pattern and appears exclusively in unit columns.,2,212,0,0,2,2,0,0,2,0,0,0,True,False,cell,Unit of measure
Tonnes per hectare,tonnes per hectare,unit,high,Matches a unit pattern and appears exclusively in unit columns.,2,174,0,0,2,1,0,1,1,0,1,0,True,False,cell,Geopolitical entity (reporting)|Unit of measure
Megajoule per tonne (net calorific value - NCV),megajoule per tonne (net calorific value - ncv),unit,high,Matches a unit pattern and appears exclusively in unit columns.,2,164,0,0,2,1,0,1,1,0,1,0,True,False,cell,Categorisation of active substances for harmonised risk indicator|Unit of measure
Purchasing Power Standard,purchasing power standard,unit,high,Matches a unit pattern and appears exclusively in unit columns.,2,144,0,0,2,2,0,0,2,0,0,0,True,False,cell,Currency
Percentage change compared to same period in previous year,percentage change compared to same period in previous year,unit,high,Matches a unit pattern and appears exclusively in unit columns.,2,136,0,0,2,2,0,0,2,0,0,0,True,False,cell,Unit of measure
Percentage of persons reporting an accident,percentage of persons reporting an accident,unit,high,Matches a unit pattern and appears exclusively in unit columns.,2,132,0,0,2,1,0,1,1,0,1,0,True,True,cell,Categorisation of active substances for harmonised risk indicator|Unit of measure
1 500 trees per hectare or over,1 500 trees per hectare or over,unit,medium,Matches a unit pattern but appears in a mixed context.,2,128,0,0,2,0,0,2,0,0,2,0,True,False,cell,Categorisation of active substances for harmonised risk indicator|Plantation density
Thousand litres,thousand litres,unit,high,Matches a unit pattern and appears exclusively in unit columns.,2,102,0,0,2,2,0,0,2,0,0,0,True,False,cell,Unit of measure
10 percent or over,10 percent or over,unit,medium,Matches a unit pattern but appears in a mixed context.,2,100,0,0,2,0,0,2,0,0,2,0,True,False,cell,Categorisation of active substances for harmonised risk indicator|Size classes in percentage
Euro per billion GDP,euro per billion gdp,unit,high,Matches a unit pattern and appears exclusively in unit columns.,2,100,0,0,2,2,0,0,2,0,0,0,True,True,cell,Unit of measure
750 kg or less,750 kg or less,unit,medium,Matches a unit pattern but appears in a mixed context.,2,97,0,0,2,0,0,2,0,0,2,0,True,False,cell,Weight
Euro per adult equivalent,euro per adult equivalent,unit,high,Matches a unit pattern and appears exclusively in unit columns.,2,94,0,0,2,1,0,1,1,0,1,0,True,False,cell,Categorisation of active substances for harmonised risk indicator|Unit of measure
Euro per household,euro per household,unit,high,Matches a unit pattern and appears exclusively in unit columns.,2,94,0,0,2,1,0,1,1,0,1,0,True,False,cell,Categorisation of active substances for harmonised risk indicator|Unit of measure
Purchasing power standard (PPS) per adult equivalent,purchasing power standard (pps) per adult equivalent,unit,high,Matches a unit pattern and appears exclusively in unit columns.,2,94,0,0,2,1,0,1,1,0,1,0,True,False,cell,Categorisation of active substances for harmonised risk indicator|Unit of measure
Purchasing power standard (PPS) per household,purchasing power standard (pps) per household,unit,high,Matches a unit pattern and appears exclusively in unit columns.,2,94,0,0,2,1,0,1,1,0,1,0,True,False,cell,Categorisation of active substances for harmonised risk indicator|Unit of measure
Purchasing power standard (PPS) per billion GDP,purchasing power standard (pps) per billion gdp,unit,high,Matches a unit pattern and appears exclusively in unit columns.,2,92,0,0,2,2,0,0,2,0,0,0,True,True,cell,Unit of measure
National currency per hectare,national currency per hectare,unit,high,Matches a unit pattern and appears exclusively in unit columns.,2,91,0,0,2,2,0,0,2,0,0,0,True,False,cell,Unit of measure
Euro per hectare,euro per hectare,unit,high,Matches a unit pattern and appears exclusively in unit columns.,2,89,0,0,2,2,0,0,2,0,0,0,True,False,cell,Unit of measure
20 000 kg or less,20 000 kg or less,unit,medium,Matches a unit pattern but appears in a mixed context.,2,86,0,0,2,0,0,2,0,0,2,0,True,False,cell,Weight
Volume indices of real expenditure per capita (in PPS_EU27_2020=100),volume indices of real expenditure per capita (in pps_eu27_2020=100),unit,medium,Matches a unit pattern but appears in a mixed context.,2,86,0,0,2,0,0,2,0,0,2,0,True,True,cell,National accounts indicator (ESA 2010)
Consumption 15 000 kWh or over - band DE,consumption 15 000 kwh or over - band de,unit,medium,Matches a unit pattern but appears in a mixed context.,2,84,0,0,2,0,0,2,0,0,2,0,True,True,cell,Categorisation of active substances for harmonised risk indicator|Energy consumption
Consumption from 1 000 kWh to 2 499 kWh - band DB,consumption from 1 000 kwh to 2 499 kwh - band db,unit,medium,Matches a unit pattern but appears in a mixed context.,2,84,0,0,2,0,0,2,0,0,2,0,True,True,cell,Categorisation of active substances for harmonised risk indicator|Energy consumption
Consumption from 2 500 kWh to 4 999 kWh - band DC,consumption from 2 500 kwh to 4 999 kwh - band dc,unit,medium,Matches a unit pattern but appears in a mixed context.,2,84,0,0,2,0,0,2,0,0,2,0,True,True,cell,Categorisation of active substances for harmonised risk indicator|Energy consumption
Consumption from 5 000 kWh to 14 999 kWh - band DD,consumption from 5 000 kwh to 14 999 kwh - band dd,unit,medium,Matches a unit pattern but appears in a mixed context.,2,84,0,0,2,0,0,2,0,0,2,0,True,True,cell,Categorisation of active substances for harmonised risk indicator|Energy consumption
Consumption less than 1 000 kWh - band DA,consumption less than 1 000 kwh - band da,unit,medium,Matches a unit pattern but appears in a mixed context.,2,84,0,0,2,0,0,2,0,0,2,0,True,True,cell,Categorisation of active substances for harmonised risk indicator|Energy consumption
Building permits - m2 of useful floor area,building permits - m2 of useful floor area,unit,medium,Matches a unit pattern but appears in a mixed context.,2,83,0,0,2,0,2,0,0,2,0,0,True,False,cell,Business trend indicator
Consumption from 2 000 MWh to 19 999 MWh - band ID,consumption from 2 000 mwh to 19 999 mwh - band id,unit,medium,Matches a unit pattern but appears in a mixed context.,2,82,0,0,2,0,0,2,0,0,2,0,True,True,cell,Categorisation of active substances for harmonised risk indicator|Energy consumption
Consumption from 20 000 MWh to 69 999 MWh - band IE,consumption from 20 000 mwh to 69 999 mwh - band ie,unit,medium,Matches a unit pattern but appears in a mixed context.,2,82,0,0,2,0,0,2,0,0,2,0,True,True,cell,Categorisation of active substances for harmonised risk indicator|Energy consumption
Consumption from 20 MWh to 499 MWh - band IB,consumption from 20 mwh to 499 mwh - band ib,unit,medium,Matches a unit pattern but appears in a mixed context.,2,82,0,0,2,0,0,2,0,0,2,0,True,True,cell,Categorisation of active substances for harmonised risk indicator|Energy consumption
Consumption from 500 MWh to 1 999 MWh - band IC,consumption from 500 mwh to 1 999 mwh - band ic,unit,medium,Matches a unit pattern but appears in a mixed context.,2,82,0,0,2,0,0,2,0,0,2,0,True,True,cell,Categorisation of active substances for harmonised risk indicator|Energy consumption
Consumption from 70 000 MWh to 149 999 MWh - band IF,consumption from 70 000 mwh to 149 999 mwh - band if,unit,medium,Matches a unit pattern but appears in a mixed context.,2,82,0,0,2,0,0,2,0,0,2,0,True,True,cell,Categorisation of active substances for harmonised risk indicator|Energy consumption
Consumption less than 20 MWh - band IA,consumption less than 20 mwh - band ia,unit,medium,Matches a unit pattern but appears in a mixed context.,2,82,0,0,2,0,0,2,0,0,2,0,True,True,cell,Categorisation of active substances for harmonised risk indicator|Energy consumption
Moving 12-months average rate of change,moving 12-months average rate of change,unit,high,Predominantly appears exclusively in unit columns.,2,82,0,0,2,2,0,0,2,0,0,0,False,True,cell,Unit of measure
"Chain linked volumes, percentage change on previous period, per capita","chain linked volumes, percentage change on previous period, per capita",unit,high,Matches a unit pattern and appears exclusively in unit columns.,2,78,0,0,2,2,0,0,2,0,0,0,True,False,cell,Unit of measure
"Index, 2006=100","index, 2006=100",unit,high,Matches a unit pattern and appears exclusively in unit columns.,2,78,0,0,2,1,0,1,1,0,1,0,True,False,cell,Categorisation of active substances for harmonised risk indicator|Unit of measure
National currency per adult equivalent,national currency per adult equivalent,unit,high,Matches a unit pattern and appears exclusively in unit columns.,2,78,0,0,2,1,0,1,1,0,1,0,True,False,cell,Categorisation of active substances for harmonised risk indicator|Unit of measure
National currency per household,national currency per household,unit,high,Matches a unit pattern and appears exclusively in unit columns.,2,78,0,0,2,1,0,1,1,0,1,0,True,False,cell,Categorisation of active substances for harmonised risk indicator|Unit of measure
Percentage of individuals who used internet within the last year,percentage of individuals who used internet within the last year,unit,high,Matches a unit pattern and appears exclusively in unit columns.,2,78,0,0,2,1,0,1,1,0,1,0,True,True,cell,Geopolitical entity (reporting)|Unit of measure
Bedrooms,bedrooms,unit,high,Predominantly appears exclusively in unit columns.,2,77,0,0,2,2,0,0,2,0,0,0,False,False,cell,Accommodation unit
Consumption 150 000 MWh or over - band IG,consumption 150 000 mwh or over - band ig,unit,medium,Matches a unit pattern but appears in a mixed context.,2,76,0,0,2,0,0,2,0,0,2,0,True,True,cell,Categorisation of active substances for harmonised risk indicator|Energy consumption
Euro per kilogram of oil equivalent (KGOE),euro per kilogram of oil equivalent (kgoe),unit,high,Matches a unit pattern and appears exclusively in unit columns.,2,76,0,0,2,2,0,0,2,0,0,0,True,False,cell,Unit of measure
Gigawatt-hour,gigawatt-hour,unit,high,Predominantly appears exclusively in unit columns.,2,76,0,0,2,2,0,0,2,0,0,0,False,False,cell,Unit of measure
"Kilograms per thousand euro, chain linked volumes (2010)","kilograms per thousand euro, chain linked volumes (2010)",unit,high,Matches a unit pattern and appears exclusively in unit columns.,2,76,0,0,2,1,0,1,1,0,1,0,True,False,cell,Categorisation of active substances for harmonised risk indicator|Unit of measure
Gross social protection - percentage of GDP,gross social protection - percentage of gdp,unit,medium,Matches a unit pattern but appears in a mixed context.,2,74,0,0,2,0,0,2,0,0,2,0,True,True,cell,Categorisation of active substances for harmonised risk indicator|Social protection indicators
Net social protection - percentage of GDP,net social protection - percentage of gdp,unit,medium,Matches a unit pattern but appears in a mixed context.,2,74,0,0,2,0,0,2,0,0,2,0,True,True,cell,Categorisation of active substances for harmonised risk indicator|Social protection indicators
Purchasing power standard (PPS) per kilogram of oil equivalent,purchasing power standard (pps) per kilogram of oil equivalent,unit,high,Matches a unit pattern and appears exclusively in unit columns.,2,74,0,0,2,2,0,0,2,0,0,0,True,False,cell,Unit of measure
15 000 kg or over,15 000 kg or over,unit,medium,Matches a unit pattern but appears in a mixed context.,2,73,0,0,2,0,0,2,0,0,2,0,True,False,cell,Weight
Percentage of enterprises,percentage of enterprises,unit,high,Matches a unit pattern and appears exclusively in unit columns.,2,73,0,0,2,2,0,0,2,0,0,0,True,True,cell,Unit of measure
"Euro per kilogram, chain linked volumes (2015)","euro per kilogram, chain linked volumes (2015)",unit,high,Matches a unit pattern and appears exclusively in unit columns.,2,72,0,0,2,2,0,0,2,0,0,0,True,False,cell,Unit of measure
Purchasing power standard (PPS) per kilogram,purchasing power standard (pps) per kilogram,unit,high,Matches a unit pattern and appears exclusively in unit columns.,2,72,0,0,2,2,0,0,2,0,0,0,True,False,cell,Unit of measure
"Purchasing power standard (PPS, EU27 from 2020), per inhabitant","purchasing power standard (pps, eu27 from 2020), per inhabitant",unit,high,Matches a unit pattern and appears exclusively in unit columns.,2,70,0,0,2,2,0,0,2,0,0,0,True,False,cell,Unit of measure
Percentage of total revenues from taxes and social contributions (excluding imputed social contributions),percentage of total revenues from taxes and social contributions (excluding imputed social contributions),unit,high,Matches a unit pattern and appears exclusively in unit columns.,2,62,0,0,2,2,0,0,2,0,0,0,True,True,cell,Unit of measure
Euro per tonne of oil equivalent (TOE),euro per tonne of oil equivalent (toe),unit,high,Matches a unit pattern and appears exclusively in unit columns.,2,60,0,0,2,1,0,1,1,0,1,0,True,False,cell,Categorisation of active substances for harmonised risk indicator|Unit of measure
Country weights for EA12 (euro area - 2001-2006),country weights for ea12 (euro area - 2001-2006),unit,medium,Matches a unit pattern but appears in a mixed context.,2,58,0,0,2,0,1,1,0,1,1,0,True,False,cell,Categorisation of active substances for harmonised risk indicator|Statistical information
Country weights for EA13 (euro area - 2007),country weights for ea13 (euro area - 2007),unit,medium,Matches a unit pattern but appears in a mixed context.,2,58,0,0,2,0,1,1,0,1,1,0,True,False,cell,Categorisation of active substances for harmonised risk indicator|Statistical information
Country weights for EA15 (euro area - 2008),country weights for ea15 (euro area - 2008),unit,medium,Matches a unit pattern but appears in a mixed context.,2,58,0,0,2,0,1,1,0,1,1,0,True,False,cell,Categorisation of active substances for harmonised risk indicator|Statistical information
Country weights for EA19 (euro area 2015-2022),country weights for ea19 (euro area 2015-2022),unit,medium,Matches a unit pattern but appears in a mixed context.,2,58,0,0,2,0,2,0,0,2,0,0,True,False,cell,Statistical information
"Current prices, purchasing power standard (PPS, EU27 from 2020) per capita","current prices, purchasing power standard (pps, eu27 from 2020) per capita",unit,high,Matches a unit pattern and appears exclusively in unit columns.,2,56,0,0,2,1,0,1,1,0,1,0,True,True,cell,Categorisation of active substances for harmonised risk indicator|Unit of measure
"Index, 2005=100","index, 2005=100",unit,high,Matches a unit pattern and appears exclusively in unit columns.,2,56,0,0,2,2,0,0,2,0,0,0,True,False,cell,Unit of measure
Million tonnes of oil equivalent,million tonnes of oil equivalent,unit,high,Matches a unit pattern and appears exclusively in unit columns.,2,56,0,0,2,2,0,0,2,0,0,0,True,False,cell,Unit of measure
Percentage change (t/t-10),percentage change (t/t-10),unit,high,Matches a unit pattern and appears exclusively in unit columns.,2,56,0,0,2,2,0,0,2,0,0,0,True,False,cell,Unit of measure
Tonnes of oil equivalent (TOE) per capita,tonnes of oil equivalent (toe) per capita,unit,high,Matches a unit pattern and appears exclusively in unit columns.,2,56,0,0,2,2,0,0,2,0,0,0,True,False,cell,Unit of measure
Country weights for EA16 (euro area - 2009-2010),country weights for ea16 (euro area - 2009-2010),unit,medium,Matches a unit pattern but appears in a mixed context.,2,54,0,0,2,0,1,1,0,1,1,0,True,False,cell,Categorisation of active substances for harmonised risk indicator|Statistical information
Country weights for EA20 (euro area from 2023),country weights for ea20 (euro area from 2023),unit,medium,Matches a unit pattern but appears in a mixed context.,2,54,0,0,2,0,2,0,0,2,0,0,True,False,cell,Statistical information
Annual rate of change,annual rate of change,unit,high,Predominantly appears exclusively in unit columns.,2,52,0,0,2,2,0,0,2,0,0,0,False,True,cell,Unit of measure
Quarterly rate of change,quarterly rate of change,unit,high,Predominantly appears exclusively in unit columns.,2,52,0,0,2,2,0,0,2,0,0,0,False,True,cell,Unit of measure
"Index, 2013=100","index, 2013=100",unit,high,Matches a unit pattern and appears exclusively in unit columns.,2,42,0,0,2,2,0,0,2,0,0,0,True,False,cell,Unit of measure
Full-time equivalent (FTE),full-time equivalent (fte),unit,high,Predominantly appears exclusively in unit columns.,2,35,0,0,2,2,0,0,2,0,0,0,False,False,cell,Unit of measure
Thousand passengers (excluding cruise passengers),thousand passengers (excluding cruise passengers),unit,high,Predominantly appears exclusively in unit columns.,2,34,0,0,2,2,0,0,2,0,0,0,False,False,cell,Unit of measure
Percentage of total size class,percentage of total size class,unit,high,Matches a unit pattern and appears exclusively in unit columns.,2,30,0,0,2,1,0,1,1,0,1,0,True,True,cell,Geopolitical entity (reporting)|Unit of measure
Purchase of advertising space or time for resale - million euro,purchase of advertising space or time for resale - million euro,unit,medium,Matches a unit pattern but appears in a mixed context.,2,28,0,0,2,0,1,1,0,1,1,0,True,False,cell,Categorisation of active substances for harmonised risk indicator|Economical indicator for structural business statistics
75 percent or over,75 percent or over,unit,medium,Matches a unit pattern but appears in a mixed context.,2,18,0,0,2,0,0,2,0,0,2,0,True,False,cell,Categorisation of active substances for harmonised risk indicator|Share of income
"Index, 1990=100","index, 1990=100",unit,high,Matches a unit pattern and appears exclusively in unit columns.,2,15,0,0,2,2,0,0,2,0,0,0,True,False,cell,Unit of measure
Percentage of total public expenditure,percentage of total public expenditure,unit,high,Matches a unit pattern and appears exclusively in unit columns.,2,10,0,0,2,2,0,0,2,0,0,0,True,True,cell,Unit of measure
"Cadca - St. Hr. (Km 286, 5 )","cadca - st. hr. (km 286, 5 )",unit,high,Matches a unit pattern and appears exclusively in unit columns.,2,6,0,0,2,1,0,1,1,0,1,0,True,False,cell,Rail network segment (2005)|Unit of measure
"St. Hr. (Km 286, 5 ) - Cadca","st. hr. (km 286, 5 ) - cadca",unit,high,Matches a unit pattern and appears exclusively in unit columns.,2,6,0,0,2,1,0,1,1,0,1,0,True,False,cell,Rail network segment (2005)|Unit of measure
Legal minimum hourly wage (national currency),legal minimum hourly wage (national currency),unit,medium,Matches a unit pattern but appears in a mixed context.,2,4,0,0,2,0,1,1,0,1,1,0,True,False,cell,Categorisation of active substances for harmonised risk indicator|Indicator used in Euro_Med
Millions of persons employed,millions of persons employed,unit,high,Predominantly appears exclusively in unit columns.,2,4,0,0,2,2,0,0,2,0,0,0,False,False,cell,Unit of measure
Bulgarian lev,bulgarian lev,unit,high,Predominantly appears exclusively in unit columns.,2,2,0,0,2,2,0,0,2,0,0,0,False,False,cell,Currency
Canadian dollar,canadian dollar,unit,high,Matches a unit pattern and appears exclusively in unit columns.,2,2,0,0,2,2,0,0,2,0,0,0,True,False,cell,Currency
Czech koruna,czech koruna,unit,high,Predominantly appears exclusively in unit columns.,2,2,0,0,2,2,0,0,2,0,0,0,False,False,cell,Currency
Danish krone,danish krone,unit,high,Predominantly appears exclusively in unit columns.,2,2,0,0,2,2,0,0,2,0,0,0,False,False,cell,Currency
Hungarian forint,hungarian forint,unit,high,Predominantly appears exclusively in unit columns.,2,2,0,0,2,2,0,0,2,0,0,0,False,False,cell,Currency
Icelandic króna,icelandic króna,unit,high,Predominantly appears exclusively in unit columns.,2,2,0,0,2,2,0,0,2,0,0,0,False,False,cell,Currency
Japanese yen,japanese yen,unit,high,Predominantly appears exclusively in unit columns.,2,2,0,0,2,2,0,0,2,0,0,0,False,False,cell,Currency
North Macedonian denar,north macedonian denar,unit,high,Predominantly appears exclusively in unit columns.,2,2,0,0,2,2,0,0,2,0,0,0,False,False,cell,Currency
Norwegian krone,norwegian krone,unit,high,Predominantly appears exclusively in unit columns.,2,2,0,0,2,2,0,0,2,0,0,0,False,False,cell,Currency
Polish zloty,polish zloty,unit,high,Predominantly appears exclusively in unit columns.,2,2,0,0,2,2,0,0,2,0,0,0,False,False,cell,Currency
Pound sterling,pound sterling,unit,high,Predominantly appears exclusively in unit columns.,2,2,0,0,2,2,0,0,2,0,0,0,False,False,cell,Currency
Romanian leu,romanian leu,unit,high,Predominantly appears exclusively in unit columns.,2,2,0,0,2,2,0,0,2,0,0,0,False,False,cell,Currency
Swedish krona,swedish krona,unit,high,Predominantly appears exclusively in unit columns.,2,2,0,0,2,2,0,0,2,0,0,0,False,False,cell,Currency
Swiss franc,swiss franc,unit,high,Predominantly appears exclusively in unit columns.,2,2,0,0,2,2,0,0,2,0,0,0,False,False,cell,Currency
Turkish lira,turkish lira,unit,high,Predominantly appears exclusively in unit columns.,2,2,0,0,2,2,0,0,2,0,0,0,False,False,cell,Currency
US dollar,us dollar,unit,high,Matches a unit pattern and appears exclusively in unit columns.,2,2,0,0,2,2,0,0,2,0,0,0,True,False,cell,Currency
RT,rt,unit,high,Predominantly appears exclusively in unit columns.,1,324,0,0,1,1,0,0,1,0,0,0,False,False,cell,unit
Percentage based on head count (HC),percentage based on head count (hc),unit,high,Matches a unit pattern and appears exclusively in unit columns.,1,198,0,0,1,1,0,0,1,0,0,0,True,False,cell,Unit of measure
Million euro (at constant 2021 prices),million euro (at constant 2021 prices),unit,high,Matches a unit pattern and appears exclusively in unit columns.,1,155,0,0,1,1,0,0,1,0,0,0,True,True,cell,Unit of measure
Percentage point,percentage point,unit,high,Matches a unit pattern and appears exclusively in unit columns.,1,148,0,0,1,1,0,0,1,0,0,0,True,False,cell,Unit of measure
Million vehicle-kilometres (VKM),million vehicle-kilometres (vkm),unit,high,Matches a unit pattern and appears exclusively in unit columns.,1,140,0,0,1,1,0,0,1,0,0,0,True,False,cell,Unit of measure
Percentage of total GBAORD,percentage of total gbaord,unit,high,Matches a unit pattern and appears exclusively in unit columns.,1,128,0,0,1,1,0,0,1,0,0,0,True,True,cell,Unit of measure
Incidence rate,incidence rate,unit,high,Predominantly appears exclusively in unit columns.,1,102,0,0,1,1,0,0,1,0,0,0,False,True,cell,Unit of measure
Percentage of world total - 1-year change,percentage of world total - 1-year change,unit,high,Matches a unit pattern and appears exclusively in unit columns.,1,87,0,0,1,1,0,0,1,0,0,0,True,True,cell,Unit of measure
Percentage of world total - 3 year change,percentage of world total - 3 year change,unit,high,Matches a unit pattern and appears exclusively in unit columns.,1,87,0,0,1,1,0,0,1,0,0,0,True,True,cell,Unit of measure
"Price index - percentage change (t/t-5), based on 2015=100 and national currency","price index - percentage change (t/t-5), based on 2015=100 and national currency",unit,high,Matches a unit pattern and appears exclusively in unit columns.,1,87,0,0,1,1,0,0,1,0,0,0,True,True,cell,Unit of measure
KWH,kwh,unit,high,Matches a unit pattern and appears exclusively in unit columns.,1,84,0,0,1,1,0,0,1,0,0,0,True,False,cell,unit
Thousand seats,thousand seats,unit,high,Predominantly appears exclusively in unit columns.,1,84,0,0,1,1,0,0,1,0,0,0,False,False,cell,Unit of measure
Million,million,unit,high,Predominantly appears exclusively in unit columns.,1,83,0,0,1,1,0,0,1,0,0,0,False,False,cell,Unit of measure
Nominal effective exchange rate - 20 trading partners (euro area from 2023),nominal effective exchange rate - 20 trading partners (euro area from 2023),unit,medium,Matches a unit pattern but appears in a mixed context.,1,81,0,0,1,0,0,1,0,0,1,0,True,True,cell,Exchange rate
Percentage of world total,percentage of world total,unit,high,Matches a unit pattern and appears exclusively in unit columns.,1,81,0,0,1,1,0,0,1,0,0,0,True,True,cell,Unit of measure
"Percentage change, real values","percentage change, real values",unit,high,Matches a unit pattern and appears exclusively in unit columns.,1,76,0,0,1,1,0,0,1,0,0,0,True,False,cell,Unit of measure
Percentage of employees,percentage of employees,unit,high,Matches a unit pattern and appears exclusively in unit columns.,1,73,0,0,1,1,0,0,1,0,0,0,True,True,cell,Unit of measure
Standardised percentage,standardised percentage,unit,high,Matches a unit pattern and appears exclusively in unit columns.,1,72,0,0,1,1,0,0,1,0,0,0,True,False,cell,Unit of measure
GJ_GCV,gj_gcv,unit,high,Predominantly appears exclusively in unit columns.,1,71,0,0,1,1,0,0,1,0,0,0,False,False,cell,unit
Megawatt,megawatt,unit,high,Matches a unit pattern and appears exclusively in unit columns.,1,71,0,0,1,1,0,0,1,0,0,0,True,False,cell,Unit of measure
Thousand vessel-kilometres,thousand vessel-kilometres,unit,high,Matches a unit pattern and appears exclusively in unit columns.,1,69,0,0,1,1,0,0,1,0,0,0,True,False,cell,Unit of measure
Vessel movements,vessel movements,unit,high,Predominantly appears exclusively in unit columns.,1,69,0,0,1,1,0,0,1,0,0,0,False,False,cell,Unit of measure
"Grams per euro, chain linked volumes (2010)","grams per euro, chain linked volumes (2010)",unit,high,Matches a unit pattern and appears exclusively in unit columns.,1,66,0,0,1,1,0,0,1,0,0,0,True,False,cell,Unit of measure
Percentage of gross national income (GNI),percentage of gross national income (gni),unit,high,Matches a unit pattern and appears exclusively in unit columns.,1,62,0,0,1,1,0,0,1,0,0,0,True,True,cell,Unit of measure
Thousand annual working units (AWU),thousand annual working units (awu),unit,high,Predominantly appears exclusively in unit columns.,1,60,0,0,1,1,0,0,1,0,0,0,False,False,cell,Unit of measure
Million seat-kilometre,million seat-kilometre,unit,high,Matches a unit pattern and appears exclusively in unit columns.,1,47,0,0,1,1,0,0,1,0,0,0,True,False,cell,Unit of measure
Real expenditure per capita (in PPS_EU27_2020),real expenditure per capita (in pps_eu27_2020),unit,medium,Matches a unit pattern but appears in a mixed context.,1,44,0,0,1,0,0,1,0,0,1,0,True,True,cell,National accounts indicator (ESA 2010)
Thousand square metres,thousand square metres,unit,high,Matches a unit pattern and appears exclusively in unit columns.,1,43,0,0,1,1,0,0,1,0,0,0,True,False,cell,Unit of measure
Percentage change - 12-months average,percentage change - 12-months average,unit,high,Matches a unit pattern and appears exclusively in unit columns.,1,42,0,0,1,1,0,0,1,0,0,0,True,True,cell,Unit of measure
Euro per inhabitant (at constant 2010 prices),euro per inhabitant (at constant 2010 prices),unit,high,Matches a unit pattern and appears exclusively in unit columns.,1,40,0,0,1,1,0,0,1,0,0,0,True,True,cell,Unit of measure
National currency (former currencies of the euro area countries),national currency (former currencies of the euro area countries),unit,high,Matches a unit pattern and appears exclusively in unit columns.,1,40,0,0,1,1,0,0,1,0,0,0,True,False,cell,Unit of measure
"Chain linked volumes (2010), euro per capita","chain linked volumes (2010), euro per capita",unit,high,Matches a unit pattern and appears exclusively in unit columns.,1,39,0,0,1,1,0,0,1,0,0,0,True,False,cell,Unit of measure
Kilogram of oil equivalent (KGOE),kilogram of oil equivalent (kgoe),unit,high,Matches a unit pattern and appears exclusively in unit columns.,1,38,0,0,1,1,0,0,1,0,0,0,True,False,cell,Unit of measure
Million persons,million persons,unit,high,Predominantly appears exclusively in unit columns.,1,38,0,0,1,1,0,0,1,0,0,0,False,False,cell,Unit of measure
"Price index (implicit deflator), 2010=100, euro","price index (implicit deflator), 2010=100, euro",unit,high,Matches a unit pattern and appears exclusively in unit columns.,1,37,0,0,1,1,0,0,1,0,0,0,True,True,cell,Unit of measure
EUR_T,eur_t,unit,high,Predominantly appears exclusively in unit columns.,1,36,0,0,1,1,0,0,1,0,0,0,False,False,cell,unit
Euro per kilogram,euro per kilogram,unit,high,Matches a unit pattern and appears exclusively in unit columns.,1,36,0,0,1,1,0,0,1,0,0,0,True,False,cell,Unit of measure
Inhabitants per ...,inhabitants per ...,unit,high,Matches a unit pattern and appears exclusively in unit columns.,1,35,0,0,1,1,0,0,1,0,0,0,True,False,cell,Unit of measure
Percentage change q/q-1 (NSA),percentage change q/q-1 (nsa),unit,high,Matches a unit pattern and appears exclusively in unit columns.,1,35,0,0,1,1,0,0,1,0,0,0,True,False,cell,Unit of measure
Percentage change q/q-4 (CA),percentage change q/q-4 (ca),unit,high,Matches a unit pattern and appears exclusively in unit columns.,1,35,0,0,1,1,0,0,1,0,0,0,True,False,cell,Unit of measure
Percentage of turnover,percentage of turnover,unit,high,Matches a unit pattern and appears exclusively in unit columns.,1,35,0,0,1,1,0,0,1,0,0,0,True,True,cell,Unit of measure
"Purchasing power standard (PPS, EU27 from 2020), per inhabitant in percentage of the EU27 (from 2020) average","purchasing power standard (pps, eu27 from 2020), per inhabitant in percentage of the eu27 (from 2020) average",unit,high,Matches a unit pattern and appears exclusively in unit columns.,1,35,0,0,1,1,0,0,1,0,0,0,True,True,cell,Unit of measure
"Chain linked volumes (2010), million euro","chain linked volumes (2010), million euro",unit,high,Matches a unit pattern and appears exclusively in unit columns.,1,34,0,0,1,1,0,0,1,0,0,0,True,False,cell,Unit of measure
"Chain linked volumes (2015), euro per annual work unit (AWU)","chain linked volumes (2015), euro per annual work unit (awu)",unit,high,Matches a unit pattern and appears exclusively in unit columns.,1,34,0,0,1,1,0,0,1,0,0,0,True,False,cell,Unit of measure
"Chain linked volumes, index 2015=100","chain linked volumes, index 2015=100",unit,high,Matches a unit pattern and appears exclusively in unit columns.,1,34,0,0,1,1,0,0,1,0,0,0,True,False,cell,Unit of measure
"Index, 2010=100","index, 2010=100",unit,high,Matches a unit pattern and appears exclusively in unit columns.,1,34,0,0,1,1,0,0,1,0,0,0,True,False,cell,Unit of measure
Percentage based on full-time equivalents (FTE),percentage based on full-time equivalents (fte),unit,high,Matches a unit pattern and appears exclusively in unit columns.,1,34,0,0,1,1,0,0,1,0,0,0,True,False,cell,Unit of measure
"Percentage of gross domestic product (GDP), (NSA)","percentage of gross domestic product (gdp), (nsa)",unit,high,Matches a unit pattern and appears exclusively in unit columns.,1,33,0,0,1,1,0,0,1,0,0,0,True,True,cell,Unit of measure
500 000 euros or over,500 000 euros or over,unit,medium,Matches a unit pattern but appears in a mixed context.,1,32,0,0,1,0,0,1,0,0,1,0,True,False,cell,Standard output in Euros
Kilograms per hectare,kilograms per hectare,unit,high,Matches a unit pattern and appears exclusively in unit columns.,1,32,0,0,1,1,0,0,1,0,0,0,True,False,cell,Unit of measure
MEUR_KP00,meur_kp00,unit,high,Predominantly appears exclusively in unit columns.,1,32,0,0,1,1,0,0,1,0,0,0,False,False,cell,unit
Micrograms per cubic metre,micrograms per cubic metre,unit,high,Matches a unit pattern and appears exclusively in unit columns.,1,31,0,0,1,1,0,0,1,0,0,0,True,False,cell,Unit of measure
20 000 kg or over,20 000 kg or over,unit,medium,Matches a unit pattern but appears in a mixed context.,1,30,0,0,1,0,0,1,0,0,1,0,True,False,cell,Weight
Grams per kilometre,grams per kilometre,unit,high,Matches a unit pattern and appears exclusively in unit columns.,1,30,0,0,1,1,0,0,1,0,0,0,True,False,cell,Unit of measure
"Percentage of gross domestic product (GDP), (SCA)","percentage of gross domestic product (gdp), (sca)",unit,high,Matches a unit pattern and appears exclusively in unit columns.,1,30,0,0,1,1,0,0,1,0,0,0,True,True,cell,Unit of measure
"Chain linked volumes (2015), euro per capita","chain linked volumes (2015), euro per capita",unit,high,Matches a unit pattern and appears exclusively in unit columns.,1,29,0,0,1,1,0,0,1,0,0,0,True,False,cell,Unit of measure
Percentage change (t/t-5),percentage change (t/t-5),unit,high,Matches a unit pattern and appears exclusively in unit columns.,1,29,0,0,1,1,0,0,1,0,0,0,True,False,cell,Unit of measure
Percentage of GDP - three-year average,percentage of gdp - three-year average,unit,high,Matches a unit pattern and appears exclusively in unit columns.,1,29,0,0,1,1,0,0,1,0,0,0,True,True,cell,Unit of measure
Percentage of risk-weighted assets,percentage of risk-weighted assets,unit,high,Matches a unit pattern and appears exclusively in unit columns.,1,29,0,0,1,1,0,0,1,0,0,0,True,True,cell,Unit of measure
Percentage of total employment - numerator in full-time equivalent (FTE),percentage of total employment - numerator in full-time equivalent (fte),unit,high,Matches a unit pattern and appears exclusively in unit columns.,1,29,0,0,1,1,0,0,1,0,0,0,True,True,cell,Unit of measure
Seasonally and calendar adjusted trade value in million ECU/EURO,seasonally and calendar adjusted trade value in million ecu/euro,unit,medium,Matches a unit pattern but appears in a mixed context.,1,29,0,0,1,0,1,0,0,1,0,0,True,False,cell,External trade indicator
Square metres per 1000 inhabitants,square metres per 1000 inhabitants,unit,high,Matches a unit pattern and appears exclusively in unit columns.,1,29,0,0,1,1,0,0,1,0,0,0,True,False,cell,Unit of measure
Export unit value index (2015=100),export unit value index (2015=100),unit,medium,Matches a unit pattern but appears in a mixed context.,1,28,0,0,1,0,1,0,0,1,0,0,True,False,cell,External trade indicator
Export volume index (2015=100),export volume index (2015=100),unit,medium,Matches a unit pattern but appears in a mixed context.,1,28,0,0,1,0,1,0,0,1,0,0,True,False,cell,External trade indicator
Import unit value index (2015=100),import unit value index (2015=100),unit,medium,Matches a unit pattern but appears in a mixed context.,1,28,0,0,1,0,1,0,0,1,0,0,True,False,cell,External trade indicator
Import volume index (2015=100),import volume index (2015=100),unit,medium,Matches a unit pattern but appears in a mixed context.,1,28,0,0,1,0,1,0,0,1,0,0,True,False,cell,External trade indicator
"Index, 2015-2017 average =100","index, 2015-2017 average =100",unit,high,Matches a unit pattern and appears exclusively in unit columns.,1,28,0,0,1,1,0,0,1,0,0,0,True,True,cell,Unit of measure
Per inhabitant,per inhabitant,unit,high,Predominantly appears exclusively in unit columns.,1,28,0,0,1,1,0,0,1,0,0,0,False,False,cell,Unit of measure
Planetary Boundary,planetary boundary,unit,high,Predominantly appears exclusively in unit columns.,1,28,0,0,1,1,0,0,1,0,0,0,False,False,cell,Unit of measure
"Price index (implicit deflator), 2015=100, national currency","price index (implicit deflator), 2015=100, national currency",unit,high,Matches a unit pattern and appears exclusively in unit columns.,1,27,0,0,1,1,0,0,1,0,0,0,True,True,cell,Unit of measure
Gross tonnage (GT),gross tonnage (gt),unit,high,Predominantly appears exclusively in unit columns.,1,25,0,0,1,1,0,0,1,0,0,0,False,False,cell,Unit of measure
"Index, 2021=100","index, 2021=100",unit,high,Matches a unit pattern and appears exclusively in unit columns.,1,19,0,0,1,1,0,0,1,0,0,0,True,False,cell,Unit of measure
Thousand tonnes per day,thousand tonnes per day,unit,high,Matches a unit pattern and appears exclusively in unit columns.,1,15,0,0,1,1,0,0,1,0,0,0,True,False,cell,Unit of measure
"Index, latest year = 100","index, latest year = 100",unit,high,Matches a unit pattern and appears exclusively in unit columns.,1,12,0,0,1,1,0,0,1,0,0,0,True,False,cell,Unit of measure
Sum of the last 4 quarters (in TEUs),sum of the last 4 quarters (in teus),unit,high,Predominantly appears exclusively in unit columns.,1,9,0,0,1,1,0,0,1,0,0,0,False,False,cell,Unit of measure
Annual capacity/inputs in 1000T,annual capacity/inputs in 1000t,unit,high,Predominantly appears exclusively in unit columns.,1,7,0,0,1,1,0,0,1,0,0,0,False,False,cell,Unit of measure
Municipal waste per capita (Kg/inhab),municipal waste per capita (kg/inhab),unit,medium,Matches a unit pattern but appears in a mixed context.,1,7,0,0,1,0,1,0,0,1,0,0,True,False,cell,Indicator used in Euro_Med
"Poverty line, rural (national currency)","poverty line, rural (national currency)",unit,medium,Matches a unit pattern but appears in a mixed context.,1,7,0,0,1,0,1,0,0,1,0,0,True,False,cell,Indicator used in Euro_Med
"Poverty line, urban (national currency)","poverty line, urban (national currency)",unit,medium,Matches a unit pattern but appears in a mixed context.,1,7,0,0,1,0,1,0,0,1,0,0,True,False,cell,Indicator used in Euro_Med
Regular freshwater resources 95 per cent time,regular freshwater resources 95 per cent time,unit,medium,Matches a unit pattern but appears in a mixed context.,1,7,0,0,1,0,0,1,0,0,1,0,True,False,cell,Hydrological parameters - flows - sources - water supply - treatment of water
Sum of the last 4 quarters,sum of the last 4 quarters,unit,high,Predominantly appears exclusively in unit columns.,1,7,0,0,1,1,0,0,1,0,0,0,False,False,cell,Unit of measure
Currency in circulation and overnight deposits,currency in circulation and overnight deposits,unit,medium,Matches a unit pattern but appears in a mixed context.,1,6,0,0,1,0,0,1,0,0,1,0,True,False,cell,Stock or flow
Currency in circulation and overnight deposits (M1) plus deposits with an agreed maturity up to 2 years and deposits redeemable at a period of notice up to 3 months,currency in circulation and overnight deposits (m1) plus deposits with an agreed maturity up to 2 years and deposits redeemable at a period of notice up to 3 months,unit,medium,Matches a unit pattern but appears in a mixed context.,1,6,0,0,1,0,0,1,0,0,1,0,True,False,cell,Stock or flow
"Extreme poverty line, rural (national currency)","extreme poverty line, rural (national currency)",unit,medium,Matches a unit pattern but appears in a mixed context.,1,6,0,0,1,0,1,0,0,1,0,0,True,False,cell,Indicator used in Euro_Med
"Extreme poverty line, urban (national currency)","extreme poverty line, urban (national currency)",unit,medium,Matches a unit pattern but appears in a mixed context.,1,6,0,0,1,0,1,0,0,1,0,0,True,False,cell,Indicator used in Euro_Med
Metre,metre,unit,high,Matches a unit pattern and appears exclusively in unit columns.,1,6,0,0,1,1,0,0,1,0,0,0,True,False,cell,Unit of measure
Paved airport runways longer than 2 438 metres,paved airport runways longer than 2 438 metres,unit,medium,Matches a unit pattern but appears in a mixed context.,1,6,0,0,1,0,0,1,0,0,1,0,True,False,cell,Transport infrastructure
Actual occupation vol. (1 000 m3/d),actual occupation vol. (1 000 m3/d),unit,medium,Matches a unit pattern but appears in a mixed context.,1,5,0,0,1,0,0,1,0,0,1,0,True,False,cell,Plant capacity
Coefficient of variation of volume indices of expenditure per capita (percentage),coefficient of variation of volume indices of expenditure per capita (percentage),unit,medium,Matches a unit pattern but appears in a mixed context.,1,5,0,0,1,0,0,1,0,0,1,0,True,True,cell,National accounts indicator (ESA 2010)
Currency in circulation and overnight deposits (M1) plus deposits with an agreed maturity up to 2 years and deposits redeemable at a period of notice up to 3 months (M2) plus repurchase agreements and money market fund (MMF) shares/units and debt securities up to 2 years,currency in circulation and overnight deposits (m1) plus deposits with an agreed maturity up to 2 years and deposits redeemable at a period of notice up to 3 months (m2) plus repurchase agreements and money market fund (mmf) shares/units and debt securities up to 2 years,unit,medium,Matches a unit pattern but appears in a mixed context.,1,5,0,0,1,0,0,1,0,0,1,0,True,False,cell,Stock or flow
Tonnes of CO2 equivalent,tonnes of co2 equivalent,unit,high,Matches a unit pattern and appears exclusively in unit columns.,1,4,0,0,1,1,0,0,1,0,0,0,True,False,cell,Unit of measure
AAA-rated euro area central government bonds,aaa-rated euro area central government bonds,unit,medium,Matches a unit pattern but appears in a mixed context.,1,3,0,0,1,0,0,1,0,0,1,0,True,True,cell,Bonds
Design capacity BOD (1 000 kg O2/day),design capacity bod (1 000 kg o2/day),unit,medium,Matches a unit pattern but appears in a mixed context.,1,3,0,0,1,0,0,1,0,0,1,0,True,False,cell,Plant capacity
Design capacity vol. (34) (1 000 m3/d),design capacity vol. (34) (1 000 m3/d),unit,medium,Matches a unit pattern but appears in a mixed context.,1,3,0,0,1,0,0,1,0,0,1,0,True,False,cell,Plant capacity
"Million euro, chain-linked volumes, reference year 2010 (at 2010 exchange rates)","million euro, chain-linked volumes, reference year 2010 (at 2010 exchange rates)",unit,high,Matches a unit pattern and appears exclusively in unit columns.,1,3,0,0,1,1,0,0,1,0,0,0,True,True,cell,Unit of measure
Austrian schilling,austrian schilling,unit,high,Predominantly appears exclusively in unit columns.,1,2,0,0,1,1,0,0,1,0,0,0,False,False,cell,Currency
Belgian franc,belgian franc,unit,high,Predominantly appears exclusively in unit columns.,1,2,0,0,1,1,0,0,1,0,0,0,False,False,cell,Currency
Croatian kuna,croatian kuna,unit,high,Predominantly appears exclusively in unit columns.,1,2,0,0,1,1,0,0,1,0,0,0,False,False,cell,Currency
Cyprus pound,cyprus pound,unit,high,Predominantly appears exclusively in unit columns.,1,2,0,0,1,1,0,0,1,0,0,0,False,False,cell,Currency
Dutch guilder,dutch guilder,unit,high,Predominantly appears exclusively in unit columns.,1,2,0,0,1,1,0,0,1,0,0,0,False,False,cell,Currency
Estonian Kroon,estonian kroon,unit,high,Predominantly appears exclusively in unit columns.,1,2,0,0,1,1,0,0,1,0,0,0,False,False,cell,Currency
Finnish markka,finnish markka,unit,high,Predominantly appears exclusively in unit columns.,1,2,0,0,1,1,0,0,1,0,0,0,False,False,cell,Currency
French franc,french franc,unit,high,Predominantly appears exclusively in unit columns.,1,2,0,0,1,1,0,0,1,0,0,0,False,False,cell,Currency
German mark,german mark,unit,high,Predominantly appears exclusively in unit columns.,1,2,0,0,1,1,0,0,1,0,0,0,False,False,cell,Currency
Greek drachma,greek drachma,unit,high,Predominantly appears exclusively in unit columns.,1,2,0,0,1,1,0,0,1,0,0,0,False,False,cell,Currency
Irish pound,irish pound,unit,high,Predominantly appears exclusively in unit columns.,1,2,0,0,1,1,0,0,1,0,0,0,False,False,cell,Currency
Italian lira,italian lira,unit,high,Predominantly appears exclusively in unit columns.,1,2,0,0,1,1,0,0,1,0,0,0,False,False,cell,Currency
Latvian lats,latvian lats,unit,high,Predominantly appears exclusively in unit columns.,1,2,0,0,1,1,0,0,1,0,0,0,False,False,cell,Currency
Lithuanian litas,lithuanian litas,unit,high,Predominantly appears exclusively in unit columns.,1,2,0,0,1,1,0,0,1,0,0,0,False,False,cell,Currency
Luxembourg franc,luxembourg franc,unit,high,Predominantly appears exclusively in unit columns.,1,2,0,0,1,1,0,0,1,0,0,0,False,False,cell,Currency
Maltese lira,maltese lira,unit,high,Predominantly appears exclusively in unit columns.,1,2,0,0,1,1,0,0,1,0,0,0,False,False,cell,Currency
Portuguese escudo,portuguese escudo,unit,high,Predominantly appears exclusively in unit columns.,1,2,0,0,1,1,0,0,1,0,0,0,False,False,cell,Currency
Slovak koruna,slovak koruna,unit,high,Predominantly appears exclusively in unit columns.,1,2,0,0,1,1,0,0,1,0,0,0,False,False,cell,Currency
Slovenian tolar,slovenian tolar,unit,high,Predominantly appears exclusively in unit columns.,1,2,0,0,1,1,0,0,1,0,0,0,False,False,cell,Currency
Spanish peseta,spanish peseta,unit,high,Predominantly appears exclusively in unit columns.,1,2,0,0,1,1,0,0,1,0,0,0,False,False,cell,Currency
11 e,11 e,unit,high,Predominantly appears exclusively in unit columns.,1,1,0,0,1,1,0,0,1,0,0,0,False,False,cell,Unit of measure
Actual occupation BOD (1 000 kg O2/day),actual occupation bod (1 000 kg o2/day),unit,medium,Matches a unit pattern but appears in a mixed context.,1,1,0,0,1,0,0,1,0,0,1,0,True,False,cell,Plant capacity
Bosnia and Herzegovina convertible mark,bosnia and herzegovina convertible mark,unit,high,Predominantly appears exclusively in unit columns.,1,1,0,0,1,1,0,0,1,0,0,0,False,False,cell,Currency
"Index, 1991=100","index, 1991=100",unit,high,Matches a unit pattern and appears exclusively in unit columns.,1,1,0,0,1,1,0,0,1,0,0,0,True,False,cell,Unit of measure
Russian rouble,russian rouble,unit,high,Predominantly appears exclusively in unit columns.,1,1,0,0,1,1,0,0,1,0,0,0,False,False,cell,Currency
Serbian dinar,serbian dinar,unit,high,Predominantly appears exclusively in unit columns.,1,1,0,0,1,1,0,0,1,0,0,0,False,False,cell,Currency
