term,normalized_term,domain,domain_score,second_domain,second_domain_score,score_margin,confidence,assignment_method,matched_keywords,matched_strong_keywords,reason,table_count,total_occurrences,matched_override_rules
"Turnover from agriculture, forestry, fishing and industrial activities - million euro","turnover from agriculture, forestry, fishing and industrial activities - million euro","Agriculture, forestry and fisheries",0.676006,"Business, industry and trade",0.444585,0.231421,high,rule_override_and_tfidf,agriculture|forestry|fishing,forestry,"Best profile: Agriculture, forestry and fisheries; score=0.6760; margin=0.2314; override_rules=agriculture, forestry; keywords=agriculture, forestry, fishing; strong_keywords=forestry",5,5661,agriculture|forestry
Support for rural development number of farms agricultural area standard output SO and livestock LSU by legal status of holding and agricultural size of farm UAA,support for rural development number of farms agricultural area standard output so and livestock lsu by legal status of holding and agricultural size of farm uaa,"Agriculture, forestry and fisheries",0.627697,"Science, technology and digital society",0.020519,0.607178,high,rule_override_and_tfidf,agricultural|farm|livestock|rural,livestock,"Best profile: Agriculture, forestry and fisheries; score=0.6277; margin=0.6072; override_rules=agriculture, livestock, farm; keywords=agricultural, farm, livestock, rural; strong_keywords=livestock",1,1,agriculture|livestock|farm
Support for rural development number of farms agricultural area standard output SO and livestock LSU by legal status and economic size of farm SO in Euro,support for rural development number of farms agricultural area standard output so and livestock lsu by legal status and economic size of farm so in euro,"Agriculture, forestry and fisheries",0.618825,"Science, technology and digital society",0.021581,0.597245,high,rule_override_and_tfidf,agricultural|farm|livestock|rural,livestock,"Best profile: Agriculture, forestry and fisheries; score=0.6188; margin=0.5972; override_rules=agriculture, livestock, farm; keywords=agricultural, farm, livestock, rural; strong_keywords=livestock",1,1,agriculture|livestock|farm
Organic animal farming by utilised agricultural area livestock unit economic size of the farm and NUTS 2 regions,organic animal farming by utilised agricultural area livestock unit economic size of the farm and nuts 2 regions,"Agriculture, forestry and fisheries",0.606923,Economy and national accounts,0.014995,0.591928,high,rule_override_and_tfidf,agricultural|farm|livestock|animal,livestock,"Best profile: Agriculture, forestry and fisheries; score=0.6069; margin=0.5919; override_rules=agriculture, livestock, farm; keywords=agricultural, farm, livestock, animal; strong_keywords=livestock",1,1,agriculture|livestock|farm
Support for rural development number of farms agricultural area standard output SO and livestock LSU by age and sex of holder,support for rural development number of farms agricultural area standard output so and livestock lsu by age and sex of holder,"Agriculture, forestry and fisheries",0.556469,"Science, technology and digital society",0.023278,0.533191,high,rule_override_and_tfidf,agricultural|livestock|rural,livestock,"Best profile: Agriculture, forestry and fisheries; score=0.5565; margin=0.5332; override_rules=agriculture, livestock, farm; keywords=agricultural, livestock, rural; strong_keywords=livestock",1,1,agriculture|livestock|farm
Cattle number of farms and heads and fodder crops by agricultural size of farm UAA and livestock units LSU of farm,cattle number of farms and heads and fodder crops by agricultural size of farm uaa and livestock units lsu of farm,"Agriculture, forestry and fisheries",0.556201,Housing and construction,0.0,0.556201,high,rule_override_and_tfidf,agricultural|farm|livestock,livestock,"Best profile: Agriculture, forestry and fisheries; score=0.5562; margin=0.5562; override_rules=agriculture, livestock, crop, farm; keywords=agricultural, farm, livestock; strong_keywords=livestock",1,1,agriculture|livestock|crop|farm
Support for rural development number of farms agricultural area standard output SO and livestock LSU by legal status and type of farming 1-digit,support for rural development number of farms agricultural area standard output so and livestock lsu by legal status and type of farming 1-digit,"Agriculture, forestry and fisheries",0.549224,"Science, technology and digital society",0.02153,0.527694,high,rule_override_and_tfidf,agricultural|livestock|rural,livestock,"Best profile: Agriculture, forestry and fisheries; score=0.5492; margin=0.5277; override_rules=agriculture, livestock, farm; keywords=agricultural, livestock, rural; strong_keywords=livestock",1,1,agriculture|livestock|farm
Organic crop area by agricultural production methods and crops,organic crop area by agricultural production methods and crops,"Agriculture, forestry and fisheries",0.546157,"Business, industry and trade",0.10641,0.439747,high,rule_override_and_tfidf,agricultural|crop,agricultural production,"Best profile: Agriculture, forestry and fisheries; score=0.5462; margin=0.4397; override_rules=agriculture, crop; keywords=agricultural, crop; strong_keywords=agricultural production",1,1,agriculture|crop
Organic crop area by agricultural production methods and crops until,organic crop area by agricultural production methods and crops until,"Agriculture, forestry and fisheries",0.546157,"Business, industry and trade",0.10641,0.439747,high,rule_override_and_tfidf,agricultural|crop,agricultural production,"Best profile: Agriculture, forestry and fisheries; score=0.5462; margin=0.4397; override_rules=agriculture, crop; keywords=agricultural, crop; strong_keywords=agricultural production",1,1,agriculture|crop
Other gainful activities OGA of the farm of sole holder number of farms agricultural area standard output SO and livestock LSU by agricultural size of farm UAA,other gainful activities oga of the farm of sole holder number of farms agricultural area standard output so and livestock lsu by agricultural size of farm uaa,"Agriculture, forestry and fisheries",0.54272,Housing and construction,0.0,0.54272,high,rule_override_and_tfidf,agricultural|farm|livestock,livestock,"Best profile: Agriculture, forestry and fisheries; score=0.5427; margin=0.5427; override_rules=agriculture, livestock, farm; keywords=agricultural, farm, livestock; strong_keywords=livestock",1,1,agriculture|livestock|farm
Goods and services imports and exports,goods and services imports and exports,"Business, industry and trade",0.645318,Health,0.013684,0.631635,high,rule_override_and_tfidf,,imports|exports,"Best profile: Business, industry and trade; score=0.6453; margin=0.6316; override_rules=imports, exports; strong_keywords=imports, exports",1,1,imports|exports
Turnover and volume of sales in wholesale and retail trade - annual data,turnover and volume of sales in wholesale and retail trade - annual data,"Business, industry and trade",0.628222,Housing and construction,0.0,0.628222,high,rule_override_and_tfidf,turnover|trade|retail|wholesale,turnover,"Best profile: Business, industry and trade; score=0.6282; margin=0.6282; override_rules=turnover; keywords=turnover, trade, retail, wholesale; strong_keywords=turnover",1,1,turnover
Turnover and volume of sales in wholesale and retail trade - monthly data,turnover and volume of sales in wholesale and retail trade - monthly data,"Business, industry and trade",0.6279,Labour market,0.013023,0.614877,high,rule_override_and_tfidf,turnover|trade|retail|wholesale,turnover,"Best profile: Business, industry and trade; score=0.6279; margin=0.6149; override_rules=turnover; keywords=turnover, trade, retail, wholesale; strong_keywords=turnover",1,1,turnover
Turnover and volume of sales in wholesale and retail trade - quarterly data,turnover and volume of sales in wholesale and retail trade - quarterly data,"Business, industry and trade",0.627376,Housing and construction,0.0,0.627376,high,rule_override_and_tfidf,turnover|trade|retail|wholesale,turnover,"Best profile: Business, industry and trade; score=0.6274; margin=0.6274; override_rules=turnover; keywords=turnover, trade, retail, wholesale; strong_keywords=turnover",1,1,turnover
Multiannual enterprise statistics - Breakdown of turnover by activity type for wholesale and retail trade and repair of motor vehicles and motorcycles NACE Rev. 2 G45,multiannual enterprise statistics - breakdown of turnover by activity type for wholesale and retail trade and repair of motor vehicles and motorcycles nace rev. 2 g45,"Business, industry and trade",0.597076,Transport and mobility,0.013803,0.583273,high,rule_override_and_tfidf,enterprise|turnover|trade|retail|wholesale,turnover,"Best profile: Business, industry and trade; score=0.5971; margin=0.5833; override_rules=turnover; keywords=enterprise, turnover, trade, retail, wholesale; strong_keywords=turnover",1,1,turnover
Multiannual enterprise statistics - Breakdown of turnover by product type for wholesale and retail trade and repair of motor vehicles and motorcycles NACE Rev. 2 G45,multiannual enterprise statistics - breakdown of turnover by product type for wholesale and retail trade and repair of motor vehicles and motorcycles nace rev. 2 g45,"Business, industry and trade",0.593589,Economy and national accounts,0.017478,0.576111,high,rule_override_and_tfidf,enterprise|turnover|trade|retail|wholesale,turnover,"Best profile: Business, industry and trade; score=0.5936; margin=0.5761; override_rules=turnover; keywords=enterprise, turnover, trade, retail, wholesale; strong_keywords=turnover",1,1,turnover
Multiannual enterprise statistics - Breakdown of turnover by product type for retail trade NACE Rev. 2 G47,multiannual enterprise statistics - breakdown of turnover by product type for retail trade nace rev. 2 g47,"Business, industry and trade",0.591494,Economy and national accounts,0.022206,0.569288,high,rule_override_and_tfidf,enterprise|turnover|trade|retail,turnover,"Best profile: Business, industry and trade; score=0.5915; margin=0.5693; override_rules=turnover; keywords=enterprise, turnover, trade, retail; strong_keywords=turnover",1,1,turnover
Turnover in industry - manufacturing,turnover in industry - manufacturing,"Business, industry and trade",0.585027,Housing and construction,0.0,0.585027,high,rule_override_and_tfidf,industry|manufacturing|turnover,turnover,"Best profile: Business, industry and trade; score=0.5850; margin=0.5850; override_rules=turnover, industry, manufacturing; keywords=industry, manufacturing, turnover; strong_keywords=turnover",1,1,turnover|industry|manufacturing
Retail trade turnover - total,retail trade turnover - total,"Business, industry and trade",0.577967,Housing and construction,0.0,0.577967,high,rule_override_and_tfidf,turnover|trade|retail,turnover,"Best profile: Business, industry and trade; score=0.5780; margin=0.5780; override_rules=turnover; keywords=turnover, trade, retail; strong_keywords=turnover",1,1,turnover
Retail trade turnover - non food,retail trade turnover - non food,"Business, industry and trade",0.559712,"Agriculture, forestry and fisheries",0.030333,0.529379,high,rule_override_and_tfidf,turnover|trade|retail,turnover,"Best profile: Business, industry and trade; score=0.5597; margin=0.5294; override_rules=turnover; keywords=turnover, trade, retail; strong_keywords=turnover",1,1,turnover
General government total expenditure on law courts,general government total expenditure on law courts,"Crime, justice and safety",0.359175,Government and public finance,0.152322,0.206853,high,rule_override_and_tfidf,,law courts,"Best profile: Crime, justice and safety; score=0.3592; margin=0.2069; override_rules=law court; strong_keywords=law courts",1,1,law court
Personnel in the criminal justice system by sex,personnel in the criminal justice system by sex,"Crime, justice and safety",0.333709,Housing and construction,0.0,0.333709,medium,tfidf_and_keywords,criminal|justice,,"Best profile: Crime, justice and safety; score=0.3337; margin=0.3337; keywords=criminal, justice",1,1,
Crime violence or vandalism in the area by degree of urbanisation,crime violence or vandalism in the area by degree of urbanisation,"Crime, justice and safety",0.329198,Housing and construction,0.0,0.329198,high,rule_override_and_tfidf,crime|violence,,"Best profile: Crime, justice and safety; score=0.3292; margin=0.3292; override_rules=violence, crime; keywords=crime, violence",1,1,violence|crime
Crime violence or vandalism in the area - EU-SILC survey,crime violence or vandalism in the area - eu-silc survey,"Crime, justice and safety",0.323862,Housing and construction,0.0,0.323862,high,rule_override_and_tfidf,crime|violence,,"Best profile: Crime, justice and safety; score=0.3239; margin=0.3239; override_rules=violence, crime; keywords=crime, violence",1,1,violence|crime
Victims in road accidents by NUTS 2 regions,victims in road accidents by nuts 2 regions,"Crime, justice and safety",0.314604,Transport and mobility,0.144954,0.169649,high,rule_override_and_tfidf,,road accidents,"Best profile: Crime, justice and safety; score=0.3146; margin=0.1696; override_rules=victim; strong_keywords=road accidents",1,1,victim
Crime violence or vandalism in the area by level of disability activity limitation sex and age,crime violence or vandalism in the area by level of disability activity limitation sex and age,"Crime, justice and safety",0.309863,Health,0.092884,0.216979,high,rule_override_and_tfidf,crime|violence,,"Best profile: Crime, justice and safety; score=0.3099; margin=0.2170; override_rules=violence, crime; keywords=crime, violence",1,1,violence|crime
Persons brought before criminal courts by legal status of the court process,persons brought before criminal courts by legal status of the court process,"Crime, justice and safety",0.293996,Health,0.007737,0.286259,medium,tfidf_and_keywords,criminal|court,,"Best profile: Crime, justice and safety; score=0.2940; margin=0.2863; keywords=criminal, court",1,1,
Population reporting occurrence of crime violence or vandalism in their area by poverty status,population reporting occurrence of crime violence or vandalism in their area by poverty status,"Crime, justice and safety",0.292102,"Income, poverty and living conditions",0.104534,0.187569,high,rule_override_and_tfidf,crime|violence,,"Best profile: Crime, justice and safety; score=0.2921; margin=0.1876; override_rules=violence, crime; keywords=crime, violence",1,1,violence|crime
Crimes recorded by the police by by offence category,crimes recorded by the police by by offence category,"Crime, justice and safety",0.277391,Housing and construction,0.0,0.277391,medium,tfidf_and_keywords,police|offence,,"Best profile: Crime, justice and safety; score=0.2774; margin=0.2774; keywords=police, offence",1,1,
Police-recorded offences by offence category,police-recorded offences by offence category,"Crime, justice and safety",0.27488,Housing and construction,0.0,0.27488,medium,tfidf_and_keywords,police|offence,,"Best profile: Crime, justice and safety; score=0.2749; margin=0.2749; keywords=police, offence",3,3,
Business churn: birth rate + death rate - percentage,business churn: birth rate + death rate - percentage,Demography and population,0.788219,"Business, industry and trade",0.114949,0.67327,high,rule_override_and_tfidf,birth|death,birth rate|death rate,"Best profile: Demography and population; score=0.7882; margin=0.6733; override_rules=birth rate; keywords=birth, death; strong_keywords=birth rate, death rate",21,195923,birth rate
Life expectancy at birth,life expectancy at birth,Demography and population,0.657699,"Income, poverty and living conditions",0.048177,0.609523,high,rule_override_and_tfidf,birth|life expectancy,life expectancy,"Best profile: Demography and population; score=0.6577; margin=0.6095; override_rules=life expectancy; keywords=birth, life expectancy; strong_keywords=life expectancy",1,21,life expectancy
Life expectancy at birth by sex,life expectancy at birth by sex,Demography and population,0.61841,"Income, poverty and living conditions",0.04136,0.577049,high,rule_override_and_tfidf,birth|life expectancy,life expectancy,"Best profile: Demography and population; score=0.6184; margin=0.5770; override_rules=life expectancy; keywords=birth, life expectancy; strong_keywords=life expectancy",3,3,life expectancy
Life expectancy in absolute value at birth,life expectancy in absolute value at birth,Demography and population,0.588715,"Income, poverty and living conditions",0.036209,0.552506,high,rule_override_and_tfidf,birth|life expectancy,life expectancy,"Best profile: Demography and population; score=0.5887; margin=0.5525; override_rules=life expectancy; keywords=birth, life expectancy; strong_keywords=life expectancy",2,163,life expectancy
Life expectancy at birth by sex and NUTS 2 region,life expectancy at birth by sex and nuts 2 region,Demography and population,0.578948,"Income, poverty and living conditions",0.034514,0.544434,high,rule_override_and_tfidf,birth|life expectancy,life expectancy,"Best profile: Demography and population; score=0.5789; margin=0.5444; override_rules=life expectancy; keywords=birth, life expectancy; strong_keywords=life expectancy",1,1,life expectancy
Healthy life years at birth in percentage of the total life expectancy,healthy life years at birth in percentage of the total life expectancy,Demography and population,0.567342,"Income, poverty and living conditions",0.04771,0.519632,high,rule_override_and_tfidf,birth|life expectancy,life expectancy,"Best profile: Demography and population; score=0.5673; margin=0.5196; override_rules=life expectancy; keywords=birth, life expectancy; strong_keywords=life expectancy",2,132,life expectancy
Life expectancy in absolute value at birth - males,life expectancy in absolute value at birth - males,Demography and population,0.562383,"Income, poverty and living conditions",0.031641,0.530742,high,rule_override_and_tfidf,birth|life expectancy,life expectancy,"Best profile: Demography and population; score=0.5624; margin=0.5307; override_rules=life expectancy; keywords=birth, life expectancy; strong_keywords=life expectancy",1,33,life expectancy
Life expectancy in absolute value at birth - females,life expectancy in absolute value at birth - females,Demography and population,0.562327,"Income, poverty and living conditions",0.031631,0.530696,high,rule_override_and_tfidf,birth|life expectancy,life expectancy,"Best profile: Demography and population; score=0.5623; margin=0.5307; override_rules=life expectancy; keywords=birth, life expectancy; strong_keywords=life expectancy",1,33,life expectancy
Healthy life years at birth in percentage of the total life expectancy - males,healthy life years at birth in percentage of the total life expectancy - males,Demography and population,0.551917,"Income, poverty and living conditions",0.043781,0.508136,high,rule_override_and_tfidf,birth|life expectancy,life expectancy,"Best profile: Demography and population; score=0.5519; margin=0.5081; override_rules=life expectancy; keywords=birth, life expectancy; strong_keywords=life expectancy",1,21,life expectancy
Healthy life years at birth in percentage of the total life expectancy - females,healthy life years at birth in percentage of the total life expectancy - females,Demography and population,0.551882,"Income, poverty and living conditions",0.043772,0.508109,high,rule_override_and_tfidf,birth|life expectancy,life expectancy,"Best profile: Demography and population; score=0.5519; margin=0.5081; override_rules=life expectancy; keywords=birth, life expectancy; strong_keywords=life expectancy",1,21,life expectancy
Gross domestic product GDP and Gross value added GVA in volume by NUTS 2 regions,gross domestic product gdp and gross value added gva in volume by nuts 2 regions,Economy and national accounts,0.964744,"Crime, justice and safety",0.013439,0.951305,high,rule_override_and_tfidf,gdp|gross domestic product|value added,gross domestic product|gdp,"Best profile: Economy and national accounts; score=0.9647; margin=0.9513; override_rules=GDP, gross domestic product, gross value added; keywords=gdp, gross domestic product, value added; strong_keywords=gross domestic product, gdp",1,1,GDP|gross domestic product|gross value added
Gross domestic product GDP at current market prices by other typologies,gross domestic product gdp at current market prices by other typologies,Economy and national accounts,0.851309,Housing and construction,0.023355,0.827954,high,rule_override_and_tfidf,gdp|gross domestic product,gross domestic product|gdp,"Best profile: Economy and national accounts; score=0.8513; margin=0.8280; override_rules=GDP, gross domestic product; keywords=gdp, gross domestic product; strong_keywords=gross domestic product, gdp",2,2,GDP|gross domestic product
Gross domestic product GDP at current market prices by NUTS 3 regions,gross domestic product gdp at current market prices by nuts 3 regions,Economy and national accounts,0.850433,Housing and construction,0.023274,0.827159,high,rule_override_and_tfidf,gdp|gross domestic product,gross domestic product|gdp,"Best profile: Economy and national accounts; score=0.8504; margin=0.8272; override_rules=GDP, gross domestic product; keywords=gdp, gross domestic product; strong_keywords=gross domestic product, gdp",2,2,GDP|gross domestic product
Gross domestic product GDP at current market prices by NUTS 2 regions,gross domestic product gdp at current market prices by nuts 2 regions,Economy and national accounts,0.850433,Housing and construction,0.023274,0.827159,high,rule_override_and_tfidf,gdp|gross domestic product,gross domestic product|gdp,"Best profile: Economy and national accounts; score=0.8504; margin=0.8272; override_rules=GDP, gross domestic product; keywords=gdp, gross domestic product; strong_keywords=gross domestic product, gdp",1,1,GDP|gross domestic product
Gross domestic product GDP at current market prices by metropolitan regions,gross domestic product gdp at current market prices by metropolitan regions,Economy and national accounts,0.841009,Housing and construction,0.022398,0.818611,high,rule_override_and_tfidf,gdp|gross domestic product,gross domestic product|gdp,"Best profile: Economy and national accounts; score=0.8410; margin=0.8186; override_rules=GDP, gross domestic product; keywords=gdp, gross domestic product; strong_keywords=gross domestic product, gdp",1,1,GDP|gross domestic product
Gross domestic product GDP - quarterly data - vintages based on ESA,gross domestic product gdp - quarterly data - vintages based on esa,Economy and national accounts,0.81475,"Crime, justice and safety",0.014365,0.800385,high,rule_override_and_tfidf,gdp|gross domestic product,gross domestic product|gdp,"Best profile: Economy and national accounts; score=0.8148; margin=0.8004; override_rules=GDP, gross domestic product; keywords=gdp, gross domestic product; strong_keywords=gross domestic product, gdp",1,1,GDP|gross domestic product
Consumer price index,consumer price index,Economy and national accounts,0.706903,Housing and construction,0.032612,0.674291,high,tfidf_and_strong_keywords,price index|consumer price,consumer price index,"Best profile: Economy and national accounts; score=0.7069; margin=0.6743; keywords=price index, consumer price; strong_keywords=consumer price index",2,2,
Gross domestic product,gross domestic product,Economy and national accounts,0.655141,"Crime, justice and safety",0.030643,0.624498,high,rule_override_and_tfidf,gross domestic product,gross domestic product,Best profile: Economy and national accounts; score=0.6551; margin=0.6245; override_rules=gross domestic product; keywords=gross domestic product; strong_keywords=gross domestic product,5,1464,gross domestic product
Gross domestic product at market prices by expenditure,gross domestic product at market prices by expenditure,Economy and national accounts,0.63248,Government and public finance,0.028067,0.604413,high,rule_override_and_tfidf,gross domestic product|expenditure,gross domestic product,"Best profile: Economy and national accounts; score=0.6325; margin=0.6044; override_rules=gross domestic product; keywords=gross domestic product, expenditure; strong_keywords=gross domestic product",2,2,gross domestic product
Consumer price index (2015 = 100),consumer price index (2015 = 100),Economy and national accounts,0.601464,Housing and construction,0.022093,0.579371,high,tfidf_and_strong_keywords,price index|consumer price,consumer price index,"Best profile: Economy and national accounts; score=0.6015; margin=0.5794; keywords=price index, consumer price; strong_keywords=consumer price index",1,9,
Population with medium educational attainment not in formal education who never started tertiary education by sex age educational attainment level work experience while studying and reason for not starting tertiary education,population with medium educational attainment not in formal education who never started tertiary education by sex age educational attainment level work experience while studying and reason for not starting tertiary education,Education and training,0.83641,Demography and population,0.091864,0.744546,high,rule_override_and_tfidf,education|educational|tertiary education,educational attainment|tertiary education,"Best profile: Education and training; score=0.8364; margin=0.7445; override_rules=education, educational; keywords=education, educational, tertiary education; strong_keywords=educational attainment, tertiary education",1,1,education|educational
Population with medium educational attainment not in formal education who started but never completed tertiary education by sex age educational attainment level work experience while studying and reason for not completing tertiary education,population with medium educational attainment not in formal education who started but never completed tertiary education by sex age educational attainment level work experience while studying and reason for not completing tertiary education,Education and training,0.830096,Demography and population,0.091385,0.73871,high,rule_override_and_tfidf,education|educational|tertiary education,educational attainment|tertiary education,"Best profile: Education and training; score=0.8301; margin=0.7387; override_rules=education, educational; keywords=education, educational, tertiary education; strong_keywords=educational attainment, tertiary education",1,1,education|educational
Population in tertiary education by sex age educational attainment level and work experience while studying,population in tertiary education by sex age educational attainment level and work experience while studying,Education and training,0.829169,Demography and population,0.099887,0.729283,high,rule_override_and_tfidf,education|educational|tertiary education,educational attainment|tertiary education,"Best profile: Education and training; score=0.8292; margin=0.7293; override_rules=education, educational; keywords=education, educational, tertiary education; strong_keywords=educational attainment, tertiary education",1,1,education|educational
"School completion rate at ISCED 1, total (%)","school completion rate at isced 1, total (%)",Education and training,0.694435,Demography and population,0.021196,0.67324,high,rule_override_and_tfidf,school|school completion|isced,school completion,"Best profile: Education and training; score=0.6944; margin=0.6732; override_rules=school, ISCED; keywords=school, school completion, isced; strong_keywords=school completion",1,8,school|ISCED
School completion rate at ISCED 1 level by sex,school completion rate at isced 1 level by sex,Education and training,0.689701,Demography and population,0.020768,0.668933,high,rule_override_and_tfidf,school|school completion|isced,school completion,"Best profile: Education and training; score=0.6897; margin=0.6689; override_rules=school, ISCED; keywords=school, school completion, isced; strong_keywords=school completion",1,1,school|ISCED
"School completion rate at ISCED 1, female (%)","school completion rate at isced 1, female (%)",Education and training,0.686994,Demography and population,0.020523,0.666471,high,rule_override_and_tfidf,school|school completion|isced,school completion,"Best profile: Education and training; score=0.6870; margin=0.6665; override_rules=school, ISCED; keywords=school, school completion, isced; strong_keywords=school completion",1,8,school|ISCED
"School completion rate at ISCED 1, male (%)","school completion rate at isced 1, male (%)",Education and training,0.686581,Demography and population,0.020486,0.666096,high,rule_override_and_tfidf,school|school completion|isced,school completion,"Best profile: Education and training; score=0.6866; margin=0.6661; override_rules=school, ISCED; keywords=school, school completion, isced; strong_keywords=school completion",1,8,school|ISCED
Tertiary education participation,tertiary education participation,Education and training,0.660804,Labour market,0.027925,0.632879,high,rule_override_and_tfidf,education|tertiary education,tertiary education,"Best profile: Education and training; score=0.6608; margin=0.6329; override_rules=education; keywords=education, tertiary education; strong_keywords=tertiary education",1,1,education
Participation rate in education and training by educational attainment level,participation rate in education and training by educational attainment level,Education and training,0.658056,Labour market,0.041395,0.616661,high,rule_override_and_tfidf,education|educational|training,educational attainment,"Best profile: Education and training; score=0.6581; margin=0.6167; override_rules=education, educational, training; keywords=education, educational, training; strong_keywords=educational attainment",1,1,education|educational|training
Participation rate in education and training last 4 weeks by sex and educational attainment level,participation rate in education and training last 4 weeks by sex and educational attainment level,Education and training,0.630099,Labour market,0.035552,0.594547,high,rule_override_and_tfidf,education|educational|training,educational attainment,"Best profile: Education and training; score=0.6301; margin=0.5945; override_rules=education, educational, training; keywords=education, educational, training; strong_keywords=educational attainment",1,1,education|educational|training
Share of renewable energy in gross final energy consumption by sector,share of renewable energy in gross final energy consumption by sector,Energy,0.952712,Economy and national accounts,0.022073,0.930639,high,rule_override_and_tfidf,energy|renewable|energy consumption,energy consumption|renewable energy,"Best profile: Energy; score=0.9527; margin=0.9306; override_rules=renewable energy, energy consumption; keywords=energy, renewable, energy consumption; strong_keywords=energy consumption, renewable energy",1,1,renewable energy|energy consumption
Energy efficiency,energy efficiency,Energy,0.783926,Housing and construction,0.0,0.783926,high,rule_override_and_tfidf,energy|energy efficiency,energy efficiency,"Best profile: Energy; score=0.7839; margin=0.7839; override_rules=energy efficiency; keywords=energy, energy efficiency; strong_keywords=energy efficiency",1,1,energy efficiency
Energy consumption,energy consumption,Energy,0.706105,Housing and construction,0.0,0.706105,high,rule_override_and_tfidf,energy|energy consumption,energy consumption,"Best profile: Energy; score=0.7061; margin=0.7061; override_rules=energy consumption; keywords=energy, energy consumption; strong_keywords=energy consumption",9,9,energy consumption
Primary energy production,primary energy production,Energy,0.642128,"Business, industry and trade",0.124169,0.517959,high,rule_override_and_tfidf,energy|energy production,energy production,"Best profile: Energy; score=0.6421; margin=0.5180; override_rules=energy production; keywords=energy, energy production; strong_keywords=energy production",1,1,energy production
Final energy consumption in transport by type of fuel,final energy consumption in transport by type of fuel,Energy,0.635899,Transport and mobility,0.120864,0.515035,high,rule_override_and_tfidf,energy|fuel|energy consumption,energy consumption,"Best profile: Energy; score=0.6359; margin=0.5150; override_rules=energy consumption; keywords=energy, fuel, energy consumption; strong_keywords=energy consumption",1,1,energy consumption
Final energy consumption in households by type of fuel,final energy consumption in households by type of fuel,Energy,0.633378,Housing and construction,0.0,0.633378,high,rule_override_and_tfidf,energy|fuel|energy consumption,energy consumption,"Best profile: Energy; score=0.6334; margin=0.6334; override_rules=energy consumption; keywords=energy, fuel, energy consumption; strong_keywords=energy consumption",1,1,energy consumption
Final energy consumption in industry by type of fuel,final energy consumption in industry by type of fuel,Energy,0.628612,"Business, industry and trade",0.111514,0.517098,high,rule_override_and_tfidf,energy|fuel|energy consumption,energy consumption,"Best profile: Energy; score=0.6286; margin=0.5171; override_rules=energy consumption; keywords=energy, fuel, energy consumption; strong_keywords=energy consumption",1,1,energy consumption
Final energy consumption,final energy consumption,Energy,0.614559,Housing and construction,0.0,0.614559,high,rule_override_and_tfidf,energy|energy consumption,energy consumption,"Best profile: Energy; score=0.6146; margin=0.6146; override_rules=energy consumption; keywords=energy, energy consumption; strong_keywords=energy consumption",1,1,energy consumption
Available energy energy supply and final energy consumption per capita,available energy energy supply and final energy consumption per capita,Energy,0.605854,Housing and construction,0.0,0.605854,high,rule_override_and_tfidf,energy|energy consumption,energy consumption,"Best profile: Energy; score=0.6059; margin=0.6059; override_rules=energy consumption; keywords=energy, energy consumption; strong_keywords=energy consumption",1,1,energy consumption
Primary energy consumption,primary energy consumption,Energy,0.597538,Housing and construction,0.0,0.597538,high,rule_override_and_tfidf,energy|energy consumption,energy consumption,"Best profile: Energy; score=0.5975; margin=0.5975; override_rules=energy consumption; keywords=energy, energy consumption; strong_keywords=energy consumption",1,1,energy consumption
Recycling rate of municipal waste,recycling rate of municipal waste,Environment and climate,0.527385,Demography and population,0.022014,0.505371,high,rule_override_and_tfidf,waste|recycling,recycling rate,"Best profile: Environment and climate; score=0.5274; margin=0.5054; override_rules=waste, recycling; keywords=waste, recycling; strong_keywords=recycling rate",2,2,waste|recycling
Net greenhouse gas emissions,net greenhouse gas emissions,Environment and climate,0.52225,Energy,0.106317,0.415933,high,rule_override_and_tfidf,greenhouse gas,greenhouse gas,Best profile: Environment and climate; score=0.5222; margin=0.4159; override_rules=emission; keywords=greenhouse gas; strong_keywords=greenhouse gas,1,1,emission
Greenhouse gas emissions from agriculture,greenhouse gas emissions from agriculture,Environment and climate,0.51958,"Agriculture, forestry and fisheries",0.132755,0.386825,high,rule_override_and_tfidf,greenhouse gas,greenhouse gas,Best profile: Environment and climate; score=0.5196; margin=0.3868; override_rules=emission; keywords=greenhouse gas; strong_keywords=greenhouse gas,1,1,emission
Greenhouse gas emission footprints in CO2 equivalent FIGARO application,greenhouse gas emission footprints in co2 equivalent figaro application,Environment and climate,0.518221,Energy,0.097146,0.421076,high,rule_override_and_tfidf,emission|greenhouse gas,greenhouse gas,"Best profile: Environment and climate; score=0.5182; margin=0.4211; override_rules=emission; keywords=emission, greenhouse gas; strong_keywords=greenhouse gas",1,1,emission
Recycling rate of all waste excluding major mineral waste,recycling rate of all waste excluding major mineral waste,Environment and climate,0.5033,Demography and population,0.015484,0.487816,high,rule_override_and_tfidf,waste|recycling,recycling rate,"Best profile: Environment and climate; score=0.5033; margin=0.4878; override_rules=waste, recycling; keywords=waste, recycling; strong_keywords=recycling rate",1,1,waste|recycling
Greenhouse gas emissions by source sector,greenhouse gas emissions by source sector,Environment and climate,0.496821,Energy,0.103306,0.393515,high,rule_override_and_tfidf,greenhouse gas,greenhouse gas,Best profile: Environment and climate; score=0.4968; margin=0.3935; override_rules=emission; keywords=greenhouse gas; strong_keywords=greenhouse gas,2,2,emission
Recycling rate of packaging waste by type of packaging,recycling rate of packaging waste by type of packaging,Environment and climate,0.489271,Demography and population,0.016321,0.472949,high,rule_override_and_tfidf,waste|recycling,recycling rate,"Best profile: Environment and climate; score=0.4893; margin=0.4729; override_rules=waste, recycling; keywords=waste, recycling; strong_keywords=recycling rate",1,1,waste|recycling
Recycling rate of waste of electrical and electronic equipment WEEE separately collected,recycling rate of waste of electrical and electronic equipment weee separately collected,Environment and climate,0.464798,Demography and population,0.012666,0.452132,high,rule_override_and_tfidf,waste|recycling,recycling rate,"Best profile: Environment and climate; score=0.4648; margin=0.4521; override_rules=waste, recycling; keywords=waste, recycling; strong_keywords=recycling rate",1,1,waste|recycling
Most important in my city: air pollution,most important in my city: air pollution,Environment and climate,0.457528,Transport and mobility,0.0502,0.407327,high,rule_override_and_tfidf,pollution,air pollution,Best profile: Environment and climate; score=0.4575; margin=0.4073; override_rules=pollution; keywords=pollution; strong_keywords=air pollution,1,105,pollution
Net greenhouse gas emissions of the Land use Land use change and Forestry LULUCF sector,net greenhouse gas emissions of the land use land use change and forestry lulucf sector,Environment and climate,0.437524,"Agriculture, forestry and fisheries",0.495204,-0.05768,high,rule_override_and_tfidf,greenhouse gas,greenhouse gas,Best profile: Environment and climate; score=0.4375; margin=-0.0577; override_rules=emission; keywords=greenhouse gas; strong_keywords=greenhouse gas,1,1,emission
"Total annual public expenditure in regular education (current and capital) as a percentage of total Government Expenditure (ISCED levels 0-1, 2, 3-4, 5-6) (%)","total annual public expenditure in regular education (current and capital) as a percentage of total government expenditure (isced levels 0-1, 2, 3-4, 5-6) (%)",Government and public finance,0.609237,Education and training,0.183894,0.425344,high,rule_override_and_tfidf,government|public expenditure|government expenditure,government expenditure,"Best profile: Government and public finance; score=0.6092; margin=0.4253; override_rules=government, public expenditure; keywords=government, public expenditure, government expenditure; strong_keywords=government expenditure",1,4,government|public expenditure
Government deficit/surplus and debt,government deficit/surplus and debt,Government and public finance,0.607784,Housing and construction,0.0,0.607784,high,rule_override_and_tfidf,government|deficit,government deficit,"Best profile: Government and public finance; score=0.6078; margin=0.6078; override_rules=government, deficit, surplus; keywords=government, deficit; strong_keywords=government deficit",2,2,government|deficit|surplus
Total general government expenditure,total general government expenditure,Government and public finance,0.585701,Economy and national accounts,0.105777,0.479923,high,rule_override_and_tfidf,government|government expenditure,government expenditure,"Best profile: Government and public finance; score=0.5857; margin=0.4799; override_rules=government; keywords=government, government expenditure; strong_keywords=government expenditure",12,48257,government
General government expenditure by function,general government expenditure by function,Government and public finance,0.576618,Economy and national accounts,0.104639,0.471979,high,rule_override_and_tfidf,government|government expenditure,government expenditure,"Best profile: Government and public finance; score=0.5766; margin=0.4720; override_rules=government; keywords=government, government expenditure; strong_keywords=government expenditure",1,1,government
General government deficit/surplus,general government deficit/surplus,Government and public finance,0.565809,Housing and construction,0.0,0.565809,high,rule_override_and_tfidf,government|deficit,government deficit,"Best profile: Government and public finance; score=0.5658; margin=0.5658; override_rules=government, deficit, surplus; keywords=government, deficit; strong_keywords=government deficit",1,1,government|deficit|surplus
Government deficit/surplus debt and associated data,government deficit/surplus debt and associated data,Government and public finance,0.554229,Housing and construction,0.0,0.554229,high,rule_override_and_tfidf,government|deficit,government deficit,"Best profile: Government and public finance; score=0.5542; margin=0.5542; override_rules=government, deficit, surplus; keywords=government, deficit; strong_keywords=government deficit",1,1,government|deficit|surplus
General government expenditure by function COFOG,general government expenditure by function cofog,Government and public finance,0.537673,Economy and national accounts,0.099759,0.437914,high,rule_override_and_tfidf,government|government expenditure,government expenditure,"Best profile: Government and public finance; score=0.5377; margin=0.4379; override_rules=government; keywords=government, government expenditure; strong_keywords=government expenditure",3,3,government
General government deficit - and surplus + - annual data,general government deficit - and surplus + - annual data,Government and public finance,0.536962,Housing and construction,0.0,0.536962,high,rule_override_and_tfidf,government|deficit,government deficit,"Best profile: Government and public finance; score=0.5370; margin=0.5370; override_rules=government, deficit, surplus; keywords=government, deficit; strong_keywords=government deficit",1,1,government|deficit|surplus
General government deficit - and surplus + - quarterly data,general government deficit - and surplus + - quarterly data,Government and public finance,0.535304,Housing and construction,0.0,0.535304,high,rule_override_and_tfidf,government|deficit,government deficit,"Best profile: Government and public finance; score=0.5353; margin=0.5353; override_rules=government, deficit, surplus; keywords=government, deficit; strong_keywords=government deficit",1,1,government|deficit|surplus
Share of GBARD in total general government expenditure,share of gbard in total general government expenditure,Government and public finance,0.52768,Economy and national accounts,0.098507,0.429173,high,rule_override_and_tfidf,government|government expenditure,government expenditure,"Best profile: Government and public finance; score=0.5277; margin=0.4292; override_rules=government; keywords=government, government expenditure; strong_keywords=government expenditure",1,1,government
Hospital beds,hospital beds,Health,0.506328,Housing and construction,0.0,0.506328,high,rule_override_and_tfidf,hospital,hospital beds,Best profile: Health; score=0.5063; margin=0.5063; override_rules=hospital; keywords=hospital; strong_keywords=hospital beds,1,1,hospital
Self-reported consultation of mental healthcare or rehabilitative care professionals by level of disability activity limitation sex and age,self-reported consultation of mental healthcare or rehabilitative care professionals by level of disability activity limitation sex and age,Health,0.456924,Housing and construction,0.007429,0.449495,high,rule_override_and_tfidf,healthcare|disability,healthcare,"Best profile: Health; score=0.4569; margin=0.4495; override_rules=healthcare; keywords=healthcare, disability; strong_keywords=healthcare",1,1,healthcare
Hospital beds by hospital ownership,hospital beds by hospital ownership,Health,0.452087,Housing and construction,0.039126,0.412961,high,rule_override_and_tfidf,hospital,hospital beds,Best profile: Health; score=0.4521; margin=0.4130; override_rules=hospital; keywords=hospital; strong_keywords=hospital beds,1,1,hospital
Hospital beds by function and type of care,hospital beds by function and type of care,Health,0.435709,Housing and construction,0.0,0.435709,high,rule_override_and_tfidf,hospital,hospital beds,Best profile: Health; score=0.4357; margin=0.4357; override_rules=hospital; keywords=hospital; strong_keywords=hospital beds,1,1,hospital
Long-term care health expenditure,long-term care health expenditure,Health,0.435625,Economy and national accounts,0.100861,0.334764,high,rule_override_and_tfidf,health,health expenditure,Best profile: Health; score=0.4356; margin=0.3348; override_rules=health; keywords=health; strong_keywords=health expenditure,1,1,health
Out-of-pocket expenditure on healthcare,out-of-pocket expenditure on healthcare,Health,0.430108,Economy and national accounts,0.103319,0.326789,high,rule_override_and_tfidf,healthcare,healthcare,Best profile: Health; score=0.4301; margin=0.3268; override_rules=healthcare; keywords=healthcare; strong_keywords=healthcare,1,1,healthcare
Hospital beds by type of care - historical data,hospital beds by type of care - historical data,Health,0.42838,Housing and construction,0.0,0.42838,high,rule_override_and_tfidf,hospital,hospital beds,Best profile: Health; score=0.4284; margin=0.4284; override_rules=hospital; keywords=hospital; strong_keywords=hospital beds,1,1,hospital
Hospital beds by NUTS 2 regions– historical data,hospital beds by nuts 2 regions– historical data,Health,0.420406,Housing and construction,0.0,0.420406,high,rule_override_and_tfidf,hospital,hospital beds,Best profile: Health; score=0.4204; margin=0.4204; override_rules=hospital; keywords=hospital; strong_keywords=hospital beds,1,1,hospital
Social protection expenditure excluding administrative costs including health expenditure as a share of GDP,social protection expenditure excluding administrative costs including health expenditure as a share of gdp,Health,0.384425,Economy and national accounts,0.420673,-0.036248,high,rule_override_and_tfidf,health,health expenditure,Best profile: Health; score=0.3844; margin=-0.0362; override_rules=health; keywords=health; strong_keywords=health expenditure,1,1,health
Self-reported consultation of mental healthcare or rehabilitative care professionals by sex age and educational attainment level,self-reported consultation of mental healthcare or rehabilitative care professionals by sex age and educational attainment level,Health,0.370195,Education and training,0.337561,0.032634,high,rule_override_and_tfidf,healthcare,healthcare,Best profile: Health; score=0.3702; margin=0.0326; override_rules=healthcare; keywords=healthcare; strong_keywords=healthcare,1,1,healthcare
Building permits index - new residential buildings,building permits index - new residential buildings,Housing and construction,0.874624,Economy and national accounts,0.020925,0.853699,high,rule_override_and_tfidf,building|residential,building permits|residential buildings,"Best profile: Housing and construction; score=0.8746; margin=0.8537; override_rules=building permit; keywords=building, residential; strong_keywords=building permits, residential buildings",3,480,building permit
Construction cost of new residential buildings,construction cost of new residential buildings,Housing and construction,0.621154,Labour market,0.033031,0.588123,high,rule_override_and_tfidf,construction|residential,residential buildings,"Best profile: Housing and construction; score=0.6212; margin=0.5881; override_rules=construction; keywords=construction, residential; strong_keywords=residential buildings",1,1,construction
Construction producer prices or costs new residential buildings - annual data,construction producer prices or costs new residential buildings - annual data,Housing and construction,0.593939,Labour market,0.017206,0.576733,high,rule_override_and_tfidf,construction|residential,residential buildings,"Best profile: Housing and construction; score=0.5939; margin=0.5767; override_rules=construction; keywords=construction, residential; strong_keywords=residential buildings",1,1,construction
Construction producer prices or costs new residential buildings - monthly data,construction producer prices or costs new residential buildings - monthly data,Housing and construction,0.592771,Labour market,0.028905,0.563866,high,rule_override_and_tfidf,construction|residential,residential buildings,"Best profile: Housing and construction; score=0.5928; margin=0.5639; override_rules=construction; keywords=construction, residential; strong_keywords=residential buildings",1,1,construction
Construction producer prices or costs new residential buildings - quarterly data,construction producer prices or costs new residential buildings - quarterly data,Housing and construction,0.592558,Labour market,0.017095,0.575463,high,rule_override_and_tfidf,construction|residential,residential buildings,"Best profile: Housing and construction; score=0.5926; margin=0.5755; override_rules=construction; keywords=construction, residential; strong_keywords=residential buildings",1,1,construction
Building permits - number of dwellings,building permits - number of dwellings,Housing and construction,0.487957,Tourism,0.0,0.487957,high,rule_override_and_tfidf,building,building permits,"Best profile: Housing and construction; score=0.4880; margin=0.4880; override_rules=dwelling, building permit; keywords=building; strong_keywords=building permits",3,1508,dwelling|building permit
Building permits - monthly data,building permits - monthly data,Housing and construction,0.472885,Labour market,0.019092,0.453793,high,rule_override_and_tfidf,building,building permits,Best profile: Housing and construction; score=0.4729; margin=0.4538; override_rules=building permit; keywords=building; strong_keywords=building permits,2,2,building permit
Building permits - quarterly data,building permits - quarterly data,Housing and construction,0.472432,Tourism,0.0,0.472432,high,rule_override_and_tfidf,building,building permits,Best profile: Housing and construction; score=0.4724; margin=0.4724; override_rules=building permit; keywords=building; strong_keywords=building permits,1,1,building permit
Cost index (input price index) - new residential buildings,cost index (input price index) - new residential buildings,Housing and construction,0.465967,Economy and national accounts,0.18,0.285967,high,tfidf_and_strong_keywords,residential,residential buildings,Best profile: Housing and construction; score=0.4660; margin=0.2860; keywords=residential; strong_keywords=residential buildings,2,75,
Total housing costs in pps - EU-SILC survey,total housing costs in pps - eu-silc survey,Housing and construction,0.410435,Labour market,0.020663,0.389771,high,rule_override_and_tfidf,housing,housing costs,Best profile: Housing and construction; score=0.4104; margin=0.3898; override_rules=housing; keywords=housing; strong_keywords=housing costs,1,1,housing
Persons at risk of poverty or social exclusion,persons at risk of poverty or social exclusion,"Income, poverty and living conditions",1.031392,Housing and construction,0.0,1.031392,high,rule_override_and_tfidf,poverty|at risk of poverty|social exclusion,at risk of poverty|social exclusion,"Best profile: Income, poverty and living conditions; score=1.0314; margin=1.0314; override_rules=poverty, social exclusion; keywords=poverty, at risk of poverty, social exclusion; strong_keywords=at risk of poverty, social exclusion",1,1,poverty|social exclusion
People at risk of poverty or social exclusion,people at risk of poverty or social exclusion,"Income, poverty and living conditions",1.007689,Housing and construction,0.0,1.007689,high,rule_override_and_tfidf,poverty|at risk of poverty|social exclusion,at risk of poverty|social exclusion,"Best profile: Income, poverty and living conditions; score=1.0077; margin=1.0077; override_rules=poverty, social exclusion; keywords=poverty, at risk of poverty, social exclusion; strong_keywords=at risk of poverty, social exclusion",1,1,poverty|social exclusion
Children at risk of poverty or social exclusion,children at risk of poverty or social exclusion,"Income, poverty and living conditions",1.000828,Housing and construction,0.0,1.000828,high,rule_override_and_tfidf,poverty|at risk of poverty|social exclusion,at risk of poverty|social exclusion,"Best profile: Income, poverty and living conditions; score=1.0008; margin=1.0008; override_rules=poverty, social exclusion; keywords=poverty, at risk of poverty, social exclusion; strong_keywords=at risk of poverty, social exclusion",1,1,poverty|social exclusion
Persons at risk of poverty or social exclusion by income quantile and household composition,persons at risk of poverty or social exclusion by income quantile and household composition,"Income, poverty and living conditions",0.998183,Economy and national accounts,0.095369,0.902813,high,rule_override_and_tfidf,poverty|at risk of poverty|social exclusion,at risk of poverty|social exclusion,"Best profile: Income, poverty and living conditions; score=0.9982; margin=0.9028; override_rules=poverty, social exclusion; keywords=poverty, at risk of poverty, social exclusion; strong_keywords=at risk of poverty, social exclusion",1,1,poverty|social exclusion
Share of persons at risk of poverty or social exclusion -%,share of persons at risk of poverty or social exclusion -%,"Income, poverty and living conditions",0.987739,"Business, industry and trade",0.014887,0.972852,high,rule_override_and_tfidf,poverty|at risk of poverty|social exclusion,at risk of poverty|social exclusion,"Best profile: Income, poverty and living conditions; score=0.9877; margin=0.9729; override_rules=poverty, social exclusion; keywords=poverty, at risk of poverty, social exclusion; strong_keywords=at risk of poverty, social exclusion",2,155,poverty|social exclusion
Persons at risk of poverty or social exclusion by age and sex,persons at risk of poverty or social exclusion by age and sex,"Income, poverty and living conditions",0.971965,Housing and construction,0.0,0.971965,high,rule_override_and_tfidf,poverty|at risk of poverty|social exclusion,at risk of poverty|social exclusion,"Best profile: Income, poverty and living conditions; score=0.9720; margin=0.9720; override_rules=poverty, social exclusion; keywords=poverty, at risk of poverty, social exclusion; strong_keywords=at risk of poverty, social exclusion",3,3,poverty|social exclusion
People at risk of poverty or social exclusion by age,people at risk of poverty or social exclusion by age,"Income, poverty and living conditions",0.969972,Housing and construction,0.0,0.969972,high,rule_override_and_tfidf,poverty|at risk of poverty|social exclusion,at risk of poverty|social exclusion,"Best profile: Income, poverty and living conditions; score=0.9700; margin=0.9700; override_rules=poverty, social exclusion; keywords=poverty, at risk of poverty, social exclusion; strong_keywords=at risk of poverty, social exclusion",1,1,poverty|social exclusion
Persons at risk of poverty or social exclusion by NUTS regions,persons at risk of poverty or social exclusion by nuts regions,"Income, poverty and living conditions",0.967238,Housing and construction,0.0,0.967238,high,rule_override_and_tfidf,poverty|at risk of poverty|social exclusion,at risk of poverty|social exclusion,"Best profile: Income, poverty and living conditions; score=0.9672; margin=0.9672; override_rules=poverty, social exclusion; keywords=poverty, at risk of poverty, social exclusion; strong_keywords=at risk of poverty, social exclusion",1,1,poverty|social exclusion
People at risk of poverty or social exclusion by sex,people at risk of poverty or social exclusion by sex,"Income, poverty and living conditions",0.965728,Housing and construction,0.0,0.965728,high,rule_override_and_tfidf,poverty|at risk of poverty|social exclusion,at risk of poverty|social exclusion,"Best profile: Income, poverty and living conditions; score=0.9657; margin=0.9657; override_rules=poverty, social exclusion; keywords=poverty, at risk of poverty, social exclusion; strong_keywords=at risk of poverty, social exclusion",1,1,poverty|social exclusion
Persons at risk of poverty or social exclusion by degree of urbanisation,persons at risk of poverty or social exclusion by degree of urbanisation,"Income, poverty and living conditions",0.958989,Housing and construction,0.0,0.958989,high,rule_override_and_tfidf,poverty|at risk of poverty|social exclusion,at risk of poverty|social exclusion,"Best profile: Income, poverty and living conditions; score=0.9590; margin=0.9590; override_rules=poverty, social exclusion; keywords=poverty, at risk of poverty, social exclusion; strong_keywords=at risk of poverty, social exclusion",2,2,poverty|social exclusion
Labour force number of persons and farm work AWU by working time % AWU category of worker and size of farm UAA,labour force number of persons and farm work awu by working time % awu category of worker and size of farm uaa,Labour market,0.596806,"Agriculture, forestry and fisheries",0.096337,0.500469,high,rule_override_and_tfidf,labour|worker|working time,labour force,"Best profile: Labour market; score=0.5968; margin=0.5005; override_rules=labour, working time; keywords=labour, worker, working time; strong_keywords=labour force",1,1,labour|working time
Labour cost per employee FTE - thousand euro,labour cost per employee fte - thousand euro,Labour market,0.595552,Housing and construction,0.017875,0.577677,high,rule_override_and_tfidf,labour|employee|labour cost,labour cost,"Best profile: Labour market; score=0.5956; margin=0.5777; override_rules=labour; keywords=labour, employee, labour cost; strong_keywords=labour cost",8,24977,labour
Labour cost index - labour costs other than wages and salaries,labour cost index - labour costs other than wages and salaries,Labour market,0.594741,Housing and construction,0.035406,0.559335,high,rule_override_and_tfidf,labour|labour cost,labour cost,"Best profile: Labour market; score=0.5947; margin=0.5593; override_rules=labour, wage; keywords=labour, labour cost; strong_keywords=labour cost",1,7970,labour|wage
Monthly earnings by quantiles and contractual working time enterprises with 10 employed persons or more - NACE Rev. 2 B-S excluding O,monthly earnings by quantiles and contractual working time enterprises with 10 employed persons or more - nace rev. 2 b-s excluding o,Labour market,0.591818,"Business, industry and trade",0.003822,0.587996,high,rule_override_and_tfidf,employed|earnings|working time,monthly earnings,"Best profile: Labour market; score=0.5918; margin=0.5880; override_rules=employed, earnings, working time; keywords=employed, earnings, working time; strong_keywords=monthly earnings",3,3,employed|earnings|working time
Monthly earnings by quantiles and contractual working time enterprises with 10 employed persons or more - NACE Rev. 1.1 C-O excluding L,monthly earnings by quantiles and contractual working time enterprises with 10 employed persons or more - nace rev. 1.1 c-o excluding l,Labour market,0.591818,"Business, industry and trade",0.003822,0.587996,high,rule_override_and_tfidf,employed|earnings|working time,monthly earnings,"Best profile: Labour market; score=0.5918; margin=0.5880; override_rules=employed, earnings, working time; keywords=employed, earnings, working time; strong_keywords=monthly earnings",1,1,employed|earnings|working time
Labour cost index - total labour cost,labour cost index - total labour cost,Labour market,0.586616,Housing and construction,0.032091,0.554524,high,rule_override_and_tfidf,labour|labour cost,labour cost,"Best profile: Labour market; score=0.5866; margin=0.5545; override_rules=labour; keywords=labour, labour cost; strong_keywords=labour cost",1,7967,labour
Reduce labour cost,reduce labour cost,Labour market,0.557167,Housing and construction,0.027518,0.52965,high,rule_override_and_tfidf,labour|labour cost,labour cost,"Best profile: Labour market; score=0.5572; margin=0.5296; override_rules=labour; keywords=labour, labour cost; strong_keywords=labour cost",4,3448,labour
Labour cost index by NACE Rev. 2,labour cost index by nace rev. 2,Labour market,0.550836,Economy and national accounts,0.032484,0.518352,high,rule_override_and_tfidf,labour|labour cost,labour cost,"Best profile: Labour market; score=0.5508; margin=0.5184; override_rules=labour; keywords=labour, labour cost; strong_keywords=labour cost",1,1,labour
Labour cost index - wages and salaries,labour cost index - wages and salaries,Labour market,0.550337,Economy and national accounts,0.025092,0.525246,high,rule_override_and_tfidf,labour|labour cost,labour cost,"Best profile: Labour market; score=0.5503; margin=0.5252; override_rules=labour, wage; keywords=labour, labour cost; strong_keywords=labour cost",1,7970,labour|wage
Structure of labour cost by NACE Rev. 1.1 activity,structure of labour cost by nace rev. 1.1 activity,Labour market,0.529948,Housing and construction,0.037451,0.492497,high,rule_override_and_tfidf,labour|labour cost,labour cost,"Best profile: Labour market; score=0.5299; margin=0.4925; override_rules=labour; keywords=labour, labour cost; strong_keywords=labour cost",1,1,labour
Arrivals of non-residents,arrivals of non-residents,Other or multidisciplinary,0.079072,Housing and construction,0.0,0.079072,low,low_similarity_fallback,,,Best profile: Tourism; score=0.0791; margin=0.0791,1,9,
Material flow accounts,material flow accounts,Other or multidisciplinary,0.078479,"Income, poverty and living conditions",0.050547,0.027932,low,low_similarity_fallback,,,Best profile: Economy and national accounts; score=0.0785; margin=0.0279,1,1,
Structural information,structural information,Other or multidisciplinary,0.077653,"Science, technology and digital society",0.050268,0.027385,low,low_similarity_fallback,,,"Best profile: Business, industry and trade; score=0.0777; margin=0.0274",1,1,
Average price for buying a house - EUR,average price for buying a house - eur,Other or multidisciplinary,0.076129,Economy and national accounts,0.040697,0.035432,low,low_similarity_fallback,,,Best profile: Housing and construction; score=0.0761; margin=0.0354,1,589,
Material use,material use,Other or multidisciplinary,0.074595,"Science, technology and digital society",0.031306,0.043288,low,low_similarity_fallback,,,"Best profile: Income, poverty and living conditions; score=0.0746; margin=0.0433",1,224,
Price of a m3 of domestic water - Euro,price of a m3 of domestic water - euro,Other or multidisciplinary,0.074419,Environment and climate,0.038626,0.035793,low,low_similarity_fallback,,,Best profile: Economy and national accounts; score=0.0744; margin=0.0358,2,532,
All indicators,all indicators,Other or multidisciplinary,0.073681,Housing and construction,0.0,0.073681,low,low_similarity_fallback,,,Best profile: Environment and climate; score=0.0737; margin=0.0737,1,19039,
Individuals who have above basic information skills,individuals who have above basic information skills,Other or multidisciplinary,0.073404,Housing and construction,0.0,0.073404,low,low_similarity_fallback,,,"Best profile: Science, technology and digital society; score=0.0734; margin=0.0734",1,9516,
Individuals who have basic information skills,individuals who have basic information skills,Other or multidisciplinary,0.073404,Housing and construction,0.0,0.073404,low,low_similarity_fallback,,,"Best profile: Science, technology and digital society; score=0.0734; margin=0.0734",1,9516,
Other terms or conditions of finance,other terms or conditions of finance,Other or multidisciplinary,0.072025,Government and public finance,0.060925,0.0111,low,low_similarity_fallback,,,"Best profile: Income, poverty and living conditions; score=0.0720; margin=0.0111",1,2880,
Enterprises do not use AI technologies for research and development (R&D) or innovation activity,enterprises do not use ai technologies for research and development (r&d) or innovation activity,"Science, technology and digital society",0.637369,"Agriculture, forestry and fisheries",0.015005,0.622364,high,rule_override_and_tfidf,research|innovation|research and development,research and development,"Best profile: Science, technology and digital society; score=0.6374; margin=0.6224; override_rules=research, innovation; keywords=research, innovation, research and development; strong_keywords=research and development",1,4832,research|innovation
Enterprises use AI technologies for research and development (R&D) or innovation activity,enterprises use ai technologies for research and development (r&d) or innovation activity,"Science, technology and digital society",0.637369,"Agriculture, forestry and fisheries",0.015005,0.622364,high,rule_override_and_tfidf,research|innovation|research and development,research and development,"Best profile: Science, technology and digital society; score=0.6374; margin=0.6224; override_rules=research, innovation; keywords=research, innovation, research and development; strong_keywords=research and development",1,4829,research|innovation
Gross domestic expenditure on research and development R&D,gross domestic expenditure on research and development r&d,"Science, technology and digital society",0.618854,Economy and national accounts,0.237819,0.381034,high,rule_override_and_tfidf,research|research and development,research and development,"Best profile: Science, technology and digital society; score=0.6189; margin=0.3810; override_rules=research; keywords=research, research and development; strong_keywords=research and development",1,1,research
Enterprises that received public funding for research and development R&D or other innovation activities by innovation profile NACE Rev. 2 activity and size class,enterprises that received public funding for research and development r&d or other innovation activities by innovation profile nace rev. 2 activity and size class,"Science, technology and digital society",0.583672,Government and public finance,0.02693,0.556742,high,rule_override_and_tfidf,research|innovation|research and development,research and development,"Best profile: Science, technology and digital society; score=0.5837; margin=0.5567; override_rules=research, innovation; keywords=research, innovation, research and development; strong_keywords=research and development",2,2,research|innovation
Enterprises that received public funding for research and development R&D or other innovation activities by source of funding NACE Rev. 2 activity and size class,enterprises that received public funding for research and development r&d or other innovation activities by source of funding nace rev. 2 activity and size class,"Science, technology and digital society",0.571297,Government and public finance,0.026186,0.545111,high,rule_override_and_tfidf,research|innovation|research and development,research and development,"Best profile: Science, technology and digital society; score=0.5713; margin=0.5451; override_rules=research, innovation; keywords=research, innovation, research and development; strong_keywords=research and development",2,2,research|innovation
Enterprises that tried to obtain funding for research and development R&D or other innovation activities by type of finance and effect NACE Rev. 2 activity and size class,enterprises that tried to obtain funding for research and development r&d or other innovation activities by type of finance and effect nace rev. 2 activity and size class,"Science, technology and digital society",0.563938,Government and public finance,0.030853,0.533085,high,rule_override_and_tfidf,research|innovation|research and development,research and development,"Best profile: Science, technology and digital society; score=0.5639; margin=0.5331; override_rules=research, innovation; keywords=research, innovation, research and development; strong_keywords=research and development",2,2,research|innovation
Enterprises that tried to obtain funding for research and development R&D or other innovation activities by innovation profile type of finance and effect NACE Rev. 2 activity and size class,enterprises that tried to obtain funding for research and development r&d or other innovation activities by innovation profile type of finance and effect nace rev. 2 activity and size class,"Science, technology and digital society",0.562795,Government and public finance,0.028241,0.534555,high,rule_override_and_tfidf,research|innovation|research and development,research and development,"Best profile: Science, technology and digital society; score=0.5628; margin=0.5346; override_rules=research, innovation; keywords=research, innovation, research and development; strong_keywords=research and development",2,2,research|innovation
Research and development expenditure by sectors of performance,research and development expenditure by sectors of performance,"Science, technology and digital society",0.555173,Economy and national accounts,0.100249,0.454925,high,rule_override_and_tfidf,research|research and development,research and development,"Best profile: Science, technology and digital society; score=0.5552; margin=0.4549; override_rules=research; keywords=research, research and development; strong_keywords=research and development",1,1,research
Research and development personnel by sectors of performance,research and development personnel by sectors of performance,"Science, technology and digital society",0.531213,Housing and construction,0.0,0.531213,high,rule_override_and_tfidf,research|research and development,research and development,"Best profile: Science, technology and digital society; score=0.5312; margin=0.5312; override_rules=research; keywords=research, research and development; strong_keywords=research and development",1,1,research
Enterprises with research and development R&D activities during and by NACE Rev. 2 activity and size class,enterprises with research and development r&d activities during and by nace rev. 2 activity and size class,"Science, technology and digital society",0.524152,"Business, industry and trade",0.011479,0.512674,high,rule_override_and_tfidf,research|research and development,research and development,"Best profile: Science, technology and digital society; score=0.5242; margin=0.5127; override_rules=research; keywords=research, research and development; strong_keywords=research and development",2,2,research
Nights spent at tourism accommodation establishments,nights spent at tourism accommodation establishments,Tourism,1.057451,Housing and construction,0.0,1.057451,high,rule_override_and_tfidf,tourism|accommodation|nights spent,tourism accommodation|nights spent,"Best profile: Tourism; score=1.0575; margin=1.0575; override_rules=tourism, nights spent, accommodation; keywords=tourism, accommodation, nights spent; strong_keywords=tourism accommodation, nights spent",1,1,tourism|nights spent|accommodation
Nights spent at tourist accommodation establishments,nights spent at tourist accommodation establishments,Tourism,0.77128,Housing and construction,0.0,0.77128,high,rule_override_and_tfidf,tourist|accommodation|nights spent,nights spent,"Best profile: Tourism; score=0.7713; margin=0.7713; override_rules=tourism, tourist, nights spent, accommodation; keywords=tourist, accommodation, nights spent; strong_keywords=nights spent",1,1,tourism|tourist|nights spent|accommodation
Total nights spent in tourist accommodation establishments,total nights spent in tourist accommodation establishments,Tourism,0.736476,Housing and construction,0.0,0.736476,high,rule_override_and_tfidf,tourist|accommodation|nights spent,nights spent,"Best profile: Tourism; score=0.7365; margin=0.7365; override_rules=tourism, tourist, nights spent, accommodation; keywords=tourist, accommodation, nights spent; strong_keywords=nights spent",1,734,tourism|tourist|nights spent|accommodation
Nights spent at tourist accommodation establishments by NACE,nights spent at tourist accommodation establishments by nace,Tourism,0.734943,Housing and construction,0.0,0.734943,high,rule_override_and_tfidf,tourist|accommodation|nights spent,nights spent,"Best profile: Tourism; score=0.7349; margin=0.7349; override_rules=tourism, tourist, nights spent, accommodation; keywords=tourist, accommodation, nights spent; strong_keywords=nights spent",1,1,tourism|tourist|nights spent|accommodation
Nights spent in tourist accommodation establishments by residents,nights spent in tourist accommodation establishments by residents,Tourism,0.730079,Housing and construction,0.0,0.730079,high,rule_override_and_tfidf,tourist|accommodation|nights spent,nights spent,"Best profile: Tourism; score=0.7301; margin=0.7301; override_rules=tourism, tourist, nights spent, accommodation; keywords=tourist, accommodation, nights spent; strong_keywords=nights spent",1,397,tourism|tourist|nights spent|accommodation
Nights spent at tourist accommodation establishments by NUTS 2 regions,nights spent at tourist accommodation establishments by nuts 2 regions,Tourism,0.726311,Housing and construction,0.0,0.726311,high,rule_override_and_tfidf,tourist|accommodation|nights spent,nights spent,"Best profile: Tourism; score=0.7263; margin=0.7263; override_rules=tourism, tourist, nights spent, accommodation; keywords=tourist, accommodation, nights spent; strong_keywords=nights spent",2,2,tourism|tourist|nights spent|accommodation
Nights spent at tourist accommodation establishments - monthly data,nights spent at tourist accommodation establishments - monthly data,Tourism,0.723025,Labour market,0.015115,0.70791,high,rule_override_and_tfidf,tourist|accommodation|nights spent,nights spent,"Best profile: Tourism; score=0.7230; margin=0.7079; override_rules=tourism, tourist, nights spent, accommodation; keywords=tourist, accommodation, nights spent; strong_keywords=nights spent",1,1,tourism|tourist|nights spent|accommodation
Nights spent at tourist accommodation establishments by country of origin of the tourist,nights spent at tourist accommodation establishments by country of origin of the tourist,Tourism,0.714074,Housing and construction,0.0,0.714074,high,rule_override_and_tfidf,tourist|accommodation|nights spent,nights spent,"Best profile: Tourism; score=0.7141; margin=0.7141; override_rules=tourism, tourist, nights spent, accommodation; keywords=tourist, accommodation, nights spent; strong_keywords=nights spent",1,1,tourism|tourist|nights spent|accommodation
Nights spent in tourist accommodation establishments by non-residents,nights spent in tourist accommodation establishments by non-residents,Tourism,0.705395,Housing and construction,0.0,0.705395,high,rule_override_and_tfidf,tourist|accommodation|nights spent,nights spent,"Best profile: Tourism; score=0.7054; margin=0.7054; override_rules=tourism, tourist, nights spent, accommodation; keywords=tourist, accommodation, nights spent; strong_keywords=nights spent",1,397,tourism|tourist|nights spent|accommodation
Arrivals at tourism accommodation establishments by type of accommodation,arrivals at tourism accommodation establishments by type of accommodation,Tourism,0.703453,Housing and construction,0.0,0.703453,high,rule_override_and_tfidf,tourism|accommodation,tourism accommodation,"Best profile: Tourism; score=0.7035; margin=0.7035; override_rules=tourism, accommodation; keywords=tourism, accommodation; strong_keywords=tourism accommodation",1,1,tourism|accommodation
Air transport traffic freight and passengers,air transport traffic freight and passengers,Transport and mobility,0.744214,Environment and climate,0.03068,0.713534,high,rule_override_and_tfidf,transport|freight|air transport|traffic,air transport,"Best profile: Transport and mobility; score=0.7442; margin=0.7135; override_rules=air transport; keywords=transport, freight, air transport, traffic; strong_keywords=air transport",1,1,air transport
Air transport of freight by NUTS 2 regions,air transport of freight by nuts 2 regions,Transport and mobility,0.717276,Environment and climate,0.03699,0.680286,high,rule_override_and_tfidf,transport|freight|air transport,air transport,"Best profile: Transport and mobility; score=0.7173; margin=0.6803; override_rules=air transport; keywords=transport, freight, air transport; strong_keywords=air transport",2,2,air transport
Road freight transport,road freight transport,Transport and mobility,0.71149,"Crime, justice and safety",0.030943,0.680547,high,tfidf_and_strong_keywords,transport|freight|road,freight transport,"Best profile: Transport and mobility; score=0.7115; margin=0.6805; keywords=transport, freight, road; strong_keywords=freight transport",2,2,
Road traffic road freight transport in volume,road traffic road freight transport in volume,Transport and mobility,0.706942,"Crime, justice and safety",0.028662,0.67828,high,tfidf_and_strong_keywords,transport|freight|road|traffic,freight transport,"Best profile: Transport and mobility; score=0.7069; margin=0.6783; keywords=transport, freight, road, traffic; strong_keywords=freight transport",1,1,
Passenger road transport,passenger road transport,Transport and mobility,0.685764,"Crime, justice and safety",0.025718,0.660046,high,rule_override_and_tfidf,transport|passenger|road,road transport,"Best profile: Transport and mobility; score=0.6858; margin=0.6600; override_rules=road transport; keywords=transport, passenger, road; strong_keywords=road transport",1,1,road transport
Air transport of passengers by airport and type of transport monthly data,air transport of passengers by airport and type of transport monthly data,Transport and mobility,0.678689,Environment and climate,0.025675,0.653014,high,rule_override_and_tfidf,transport|air transport|airport,air transport,"Best profile: Transport and mobility; score=0.6787; margin=0.6530; override_rules=air transport; keywords=transport, air transport, airport; strong_keywords=air transport",1,1,air transport
Rail transport of passengers,rail transport of passengers,Transport and mobility,0.678564,Housing and construction,0.0,0.678564,high,rule_override_and_tfidf,transport|rail,rail transport,"Best profile: Transport and mobility; score=0.6786; margin=0.6786; override_rules=rail transport; keywords=transport, rail; strong_keywords=rail transport",1,1,rail transport
Air transport of freight by NUTS 2 regions questionnaire,air transport of freight by nuts 2 regions questionnaire,Transport and mobility,0.675248,Environment and climate,0.030947,0.644301,high,rule_override_and_tfidf,transport|freight|air transport,air transport,"Best profile: Transport and mobility; score=0.6752; margin=0.6443; override_rules=air transport; keywords=transport, freight, air transport; strong_keywords=air transport",1,1,air transport
Road freight transport by type of operation and type of transport t tkm vehicle-km - annual data,road freight transport by type of operation and type of transport t tkm vehicle-km - annual data,Transport and mobility,0.659405,"Crime, justice and safety",0.012437,0.646968,high,tfidf_and_strong_keywords,transport|freight|road|vehicle,freight transport,"Best profile: Transport and mobility; score=0.6594; margin=0.6470; keywords=transport, freight, road, vehicle; strong_keywords=freight transport",1,1,
Road freight transport by type of operation and type of transport - t tkm vehicle-km - quarterly data,road freight transport by type of operation and type of transport - t tkm vehicle-km - quarterly data,Transport and mobility,0.658648,"Crime, justice and safety",0.01237,0.646278,high,tfidf_and_strong_keywords,transport|freight|road|vehicle,freight transport,"Best profile: Transport and mobility; score=0.6586; margin=0.6463; keywords=transport, freight, road, vehicle; strong_keywords=freight transport",1,1,
